o NavMesh
v -17.06667 -29.13333 -92.6
v -17.06667 -29.13333 -92.86667
v -18.73333 -29.13333 -92.86667
v -18.73333 -29.13333 -92.6
v -17.06667 -29.13333 -92.86667
v -17.06667 -29.13333 -92.6
v -15.2 -28.83333 -92.6
v -12.86667 -28.83333 -92.86667
v -15 -28.83333 -92.4
v -15 -28.83333 -90.53333
v -12.86667 -28.83333 -91.13333
v -12.86667 -28.83333 -92.86667
v -12.86667 -28.83333 -92.86667
v -15.2 -28.83333 -92.6
v -15 -28.83333 -92.4
v 0 -29 -92.86667
v -0.6000004 -29 -92.86667
v -0.5333328 -28.83333 -92.46667
v 0 -29 -92.46667
v -1.066668 -28.8 -92.46667
v -3.466667 -28.8 -92.46667
v -3.666667 -28.8 -92.2
v -3.666667 -28.8 -89.4
v -1.066668 -28.8 -89.4
v -6.200001 -28.8 -89.93333
v -4.133333 -28.8 -89.93333
v -4.133333 -28.8 -92.2
v -6.533334 -28.8 -89.93333
v -6.200001 -28.8 -89.93333
v -4.133333 -28.8 -92.2
v -12.06667 -28.83333 -92.2
v -12.06667 -28.83333 -90.6
v -12.26667 -28.83333 -90.4
v -13.8 -28.83333 -89.93333
v -6.533334 -28.8 -89.93333
v -12.06667 -28.83333 -90.6
v -12.26667 -28.83333 -90.4
v -6.533334 -28.8 -89.93333
v 0 -29 -90.06667
v 0 -29 -92
v -0.5333328 -28.83333 -92
v -0.5333328 -28.83333 -90.06667
v -9.066668 -28.8 -88.8
v -9.133333 -28.8 -88.93333
v -9.866667 -28.8 -88.93333
v -14.66667 -28.8 -88.8
v -13.8 -28.83333 -89.93333
v -14.6 -28.8 -89.73334
v -14.66667 -28.8 -88.8
v -9.866667 -28.8 -88.93333
v -10 -28.86666 -89.06667
v -9.866667 -28.8 -89.86667
v -6.533334 -28.8 -89.93333
v -13.8 -28.83333 -89.93333
v -10 -28.86666 -89.73334
v -9.866667 -28.8 -89.86667
v -13.8 -28.83333 -89.93333
v -10 -28.86666 -89.06667
v -10 -28.86666 -89.73334
v -13.8 -28.83333 -89.93333
v -6.200001 -28.8 -88.93333
v -7.666667 -28.8 -88.93333
v -7.733334 -28.8 -88.8
v -4.133333 -28.8 -89.93333
v -6.200001 -28.8 -89.93333
v -6.066667 -28.8 -89.8
v -4.133333 -28.8 -89.06667
v -4.133333 -28.8 -89.93333
v -6.066667 -28.8 -89.8
v -6.066667 -28.8 -89.06667
v -1.066668 -28.8 -88.8
v -1.066668 -28.8 -88.93333
v -4 -28.8 -88.93333
v -4 -28.8 -88.93333
v -4.133333 -28.8 -89.06667
v -6.066667 -28.8 -89.06667
v -6.200001 -28.8 -88.93333
v -7.733334 -28.8 -88.8
v -1.066668 -28.8 -88.8
v -4 -28.8 -88.93333
v -6.200001 -28.8 -88.93333
v -1.6 -28.8 -88.66667
v -1.066668 -28.8 -88.66667
v -1.066668 -28.8 -88.8
v -7.733334 -28.8 -88.8
v -1.2 -28.36666 -87.66666
v -1.066668 -28.36666 -88.2
v -1.6 -28.6 -88.2
v -1.2 -28.36666 -87.66666
v -1.6 -28.6 -88.2
v -1.733334 -28.6 -88.33334
v -0.8666668 -28.3 -87.13333
v -1.2 -28.36666 -87.66666
v -1.733334 -28.6 -88.33334
v -7.733334 -28.8 -88.8
v -9.066668 -28.8 -88.8
v -14.66667 -28.8 -87.13333
v -9.066668 -28.8 -88.8
v -14.66667 -28.8 -88.8
v -14.66667 -28.8 -87.13333
v -1.733334 -28.6 -88.33334
v -1.6 -28.8 -88.66667
v -7.733334 -28.8 -88.8
v 0 -28.33333 -85.33334
v 0 -28.33333 -87.2
v -0.8666668 -28.3 -87.13333
v -0.8666668 -28.3 -87.13333
v -14.66667 -28.8 -87.13333
v -14.6 -28.8 -85.33334
v 0 -28.33333 -85.33334
v 5.133334 -28.33333 -88.26667
v 0.2666667 -28.33333 -88.26667
v 0.2666667 -28.33333 -87.66666
v 12 -28.76667 -92.4
v 12.33333 -28.76667 -92.4
v 17.06667 -28.83333 -92.86667
v 11.26667 -28.76667 -92.4
v 12 -28.76667 -92.4
v 17.06667 -28.83333 -92.86667
v 2.866667 -29 -92.86667
v 2.866667 -29 -92.46667
v 11.33333 -28.7 -91.93333
v 11.73333 -28.7 -91.93333
v 11.73333 -28.73333 -92.2
v 11.26667 -28.76667 -92.4
v 11.33333 -28.7 -91.93333
v 11.73333 -28.73333 -92.2
v 12 -28.76667 -92.4
v 0.2666667 -28.33333 -87.66666
v 0 -28.33333 -87.2
v 0 -28.33333 -85.33334
v 5.133334 -28.33333 -85.33334
v 5.133334 -28.33333 -88.26667
v 12.8 -28.33333 -88.46667
v 12.4 -28.33333 -88.46667
v 8.266667 -28.33333 -87.93333
v 0 -29 -91.93333
v 0.2 -29 -91.93333
v 0 -29 -92
v 0.2 -29 -91.93333
v 0 -29 -91.93333
v 0 -29 -90.06667
v 0.4 -29 -91.93333
v 0.2 -29 -91.93333
v 0 -29 -90.06667
v 2.466667 -29 -91.93333
v 0.4 -29 -91.93333
v 0 -29 -90.06667
v 2.733334 -29 -91.93333
v 2.466667 -29 -91.93333
v 0 -29 -90.06667
v 7.533334 -29 -90.06667
v 7.666667 -29 -90.4
v 7.666667 -29 -90.4
v 10.8 -29 -90.4
v 10.86667 -29 -91.93333
v 2.733334 -29 -91.93333
v 17.06667 -28.23333 -89.4
v 17.06667 -28.23333 -89.86667
v 12.86667 -28.33333 -89.86667
v 12.86667 -28.33333 -89.4
v 7.400001 -28.33333 -87.93333
v 7.666667 -28.33333 -88.06667
v 7.533334 -28.33333 -89.6
v 5.8 -28.33333 -89.6
v 5.8 -28.33333 -88.4
v 5.666667 -28.33333 -88.33334
v 5.666667 -28.33333 -85.33334
v 7.400001 -28.16667 -85.33334
v 7.400001 -28.33333 -87.93333
v 5.8 -28.33333 -88.4
v 0.2666667 -28.33333 -89.33334
v 0.2666667 -28.33333 -88.73334
v 5.133334 -28.33333 -88.73334
v 5.133334 -28.33333 -89.33334
v 12.2 -28.33333 -88.93333
v 8.533334 -28.33333 -88.93333
v 8.533334 -28.33333 -88.73334
v 12.2 -28.33333 -88.66667
v 12.4 -28.33333 -88.46667
v 12.2 -28.33333 -88.66667
v 8.533334 -28.33333 -88.73334
v 8.133334 -28.33333 -88.46667
v 17.06667 -28.83333 -92.86667
v 12.33333 -28.76667 -92.4
v 12.73333 -28.66667 -91.8
v 13.53333 -28.33333 -88.8
v 13 -28.33333 -88.8
v 12.8 -28.33333 -88.46667
v 13.8 -28.33333 -88.8
v 13.53333 -28.33333 -88.8
v 12.8 -28.33333 -88.46667
v 12.73333 -28.66667 -91.8
v 12.73333 -28.5 -90.53333
v 12.93333 -28.5 -90.4
v 17.06667 -28.4 -90.4
v 17.06667 -28.83333 -92.86667
v 8.133334 -28.33333 -88.46667
v 8.133334 -28.33333 -88
v 8.266667 -28.33333 -87.93333
v 12.4 -28.33333 -88.46667
v 17.06667 -28.33333 -88.86667
v 13.8 -28.33333 -88.8
v 12.8 -28.33333 -88.46667
v 17.06667 -28.33333 -85.33334
v 17.06667 -28.33333 -88.86667
v 12.8 -28.33333 -88.46667
v 8.266667 -28.33333 -87.93333
v 8.266667 -28.06667 -85.33334
v 19.73333 -28.76667 -92.4
v 21.8 -28.76667 -92.4
v 21.8 -28.83333 -92.86667
v 23.6 -28.16667 -85.33334
v 24.26667 -28.16667 -85.33334
v 24.26667 -28.16667 -87.6
v 23.6 -28.16667 -87.6
v 19.4 -28.76667 -92.4
v 19.73333 -28.76667 -92.4
v 21.8 -28.83333 -92.86667
v 17.06667 -28.83333 -92.86667
v 17.06667 -28.4 -90.4
v 18.93333 -28.5 -90.4
v 19 -28.66667 -91.8
v 17.06667 -28.83333 -92.86667
v 22.66667 -28.16667 -85.33334
v 22.73333 -28.33333 -87.93333
v 22.73333 -28.33333 -88.46667
v 19.53333 -28.33333 -88.46667
v 17.06667 -28.33333 -85.33334
v 19.53333 -28.33333 -88.46667
v 19.06667 -28.33333 -88.46667
v 17.06667 -28.33333 -85.33334
v 20 -28.73333 -92.13333
v 20 -28.7 -91.93333
v 20.8 -28.7 -91.93333
v 19.73333 -28.76667 -92.4
v 20 -28.73333 -92.13333
v 20.8 -28.7 -91.93333
v 21.8 -28.76667 -92.4
v 20.93333 -28.66667 -91.8
v 20.93333 -28.5 -90.4
v 21.8 -28.5 -90.4
v 21.8 -28.76667 -92.4
v 21.8 -28.76667 -92.4
v 20.8 -28.7 -91.93333
v 20.93333 -28.66667 -91.8
v 17.06667 -28.23333 -89.4
v 18.93333 -28.33333 -89.4
v 18.93333 -28.33333 -89.86667
v 17.06667 -28.23333 -89.86667
v 22.53333 -28.33333 -88.66667
v 22.53333 -28.33333 -88.93333
v 19.73333 -28.33333 -88.93333
v 19.73333 -28.33333 -88.66667
v 19.53333 -28.33333 -88.46667
v 22.73333 -28.33333 -88.46667
v 22.53333 -28.33333 -88.66667
v 19.73333 -28.33333 -88.66667
v 17.06667 -28.33333 -88.8
v 18 -28.33333 -88.8
v 17.06667 -28.33333 -88.86667
v 19.06667 -28.33333 -88.46667
v 18.86667 -28.33333 -88.8
v 18.26667 -28.33333 -88.8
v 19.13334 -28.73333 -92.2
v 19.4 -28.76667 -92.4
v 17.06667 -28.83333 -92.86667
v 19 -28.66667 -91.8
v 19.13334 -28.7 -91.86667
v 19.13334 -28.73333 -92.2
v 17.06667 -28.83333 -92.86667
v 22.86667 -28.33333 -88
v 22.86667 -28.33333 -88.46667
v 22.73333 -28.33333 -88.46667
v 22.73333 -28.33333 -87.93333
v 19.06667 -28.33333 -88.46667
v 18.26667 -28.33333 -88.8
v 18 -28.33333 -88.8
v 19.06667 -28.33333 -88.46667
v 18 -28.33333 -88.8
v 17.06667 -28.33333 -88.8
v 17.06667 -28.33333 -85.33334
v -20.06667 -28.86666 -81.46667
v -20.06667 -28.86666 -68.33334
v -19.73333 -28.86666 -68.33334
v -19.73333 -28.86666 -81.46667
v -19.26667 -28.86666 -68.33334
v -17.93333 -28.86666 -68.26667
v -17.06667 -28.86666 -68.26667
v -17.06667 -28.86666 -81.13334
v -19.26667 -28.86666 -81.13334
v -0.9333324 -28.36666 -84.8
v 0 -28.33333 -84.73334
v 0 -28.33333 -85.33334
v -0.9333324 -28.36666 -84.8
v 0 -28.33333 -85.33334
v -14.6 -28.8 -85.33334
v -14.6 -28.8 -84.8
v -14.6 -28.8 -84.8
v -14.6 -28.8 -84.73334
v -8.200001 -28.8 -84.73334
v -14.6 -28.8 -84.8
v -8.200001 -28.8 -84.73334
v -7.933333 -28.8 -84.73334
v -7.933333 -28.8 -84.73334
v -1 -28.36666 -84.73334
v -0.9333324 -28.36666 -84.8
v -14.6 -28.8 -84.8
v -14.6 -28.8 -84.73334
v -14.6 -28.8 -83.60001
v -14.46667 -28.8 -83.53333
v -12.26667 -28.83333 -83.53333
v -11.93333 -28.83333 -83.53333
v -8.666667 -28.8 -83.53333
v -8.866667 -28.8 -84.2
v -14.6 -28.8 -84.73334
v -12.26667 -28.83333 -83.53333
v -11.93333 -28.83333 -83.53333
v -8.866667 -28.8 -84.2
v -8.200001 -28.8 -84.73334
v -1.6 -28.6 -83.73334
v -1.066668 -28.36666 -83.73334
v -1.2 -28.36666 -83.93333
v -2.6 -28.8 -79.4
v -2.333333 -28.8 -79.4
v -2.333333 -28.8 -80
v -1.6 -28.6 -83.73334
v -1.2 -28.36666 -83.93333
v -1.2 -28.36666 -84.33334
v -1.733334 -28.6 -83.60001
v -1.6 -28.6 -83.73334
v -1.2 -28.36666 -84.33334
v -2.8 -28.8 -79.13334
v -2.6 -28.8 -79.4
v -2.333333 -28.8 -80
v -4.8 -28.8 -80.60001
v -4.8 -28.8 -80.33334
v -1.733334 -28.6 -83.60001
v -1.2 -28.36666 -84.33334
v -1 -28.36666 -84.73334
v -7.933333 -28.8 -84.73334
v -7.200001 -28.8 -83.86667
v -6.666667 -28.8 -83.53333
v -5.066667 -28.8 -80.06667
v -5.733334 -28.8 -79.73334
v -6.400001 -28.8 -79.13334
v -2.8 -28.8 -79.13334
v -4.8 -28.8 -80.60001
v -2.333333 -28.8 -80
v -2.2 -28.8 -80.13334
v -1.133333 -28.8 -80.13334
v -1.066668 -28.8 -83.26667
v -1.6 -28.8 -83.26667
v -2.2 -28.8 -80.13334
v -4.8 -28.8 -80.33334
v -5.066667 -28.8 -80.06667
v -2.8 -28.8 -79.13334
v -6.666667 -28.8 -83.53333
v -6.666667 -28.8 -83.33334
v -4.8 -28.8 -80.60001
v -2.2 -28.8 -80.13334
v -1.6 -28.8 -83.26667
v -1.733334 -28.6 -83.60001
v -14.46667 -28.8 -83.53333
v -14.46667 -28.8 -83.33334
v -14.13333 -28.83333 -83.06667
v -12.4 -28.83333 -83.4
v -12.26667 -28.83333 -83.53333
v -14.13333 -28.83333 -83.06667
v -14.13333 -28.83333 -82
v -12.73333 -28.83333 -82
v -12.4 -28.83333 -83.4
v -8.266667 -28.8 -83.06667
v -8.333334 -28.8 -83.26667
v -8.533334 -28.8 -83.26667
v -11.46667 -28.8 -82.26667
v -11.46667 -28.8 -81.93333
v -11.26667 -28.86666 -81.8
v -11.2 -28.86666 -83.2
v -8 -28.8 -82.4
v -7.866667 -28.8 -82.8
v -8.266667 -28.8 -83.06667
v -7.266667 -28.8 -80.06667
v -6.866667 -28.8 -80.33334
v -6.733334 -28.8 -80.60001
v -8 -28.8 -82.4
v -8 -28.8 -82.4
v -8.266667 -28.8 -83.06667
v -8.533334 -28.8 -83.26667
v -7.266667 -28.8 -79.8
v -7.266667 -28.8 -80.06667
v -8 -28.8 -82.4
v -8.533334 -28.8 -83.26667
v -11.2 -28.86666 -83.2
v -11.26667 -28.86666 -81.8
v -11.26667 -28.86666 -79.4
v -7.266667 -28.8 -79.8
v -8 -28.8 -82.4
v -8.666667 -28.8 -83.53333
v -11.93333 -28.83333 -83.53333
v -11.2 -28.86666 -83.2
v -8.533334 -28.8 -83.26667
v -11.53333 -28.8 -79.13334
v -6.666667 -28.8 -79.13334
v -7.266667 -28.8 -79.8
v -11.26667 -28.86666 -79.4
v 0 -27.16667 -82.26667
v -0.1333332 -27.16667 -82.26667
v -0.1333332 -27.06667 -81.53333
v 0 -27.06667 -81.46667
v -14.6 -28.83333 -80.66667
v -14.6 -28.83333 -80.46667
v -14.4 -28.83333 -80.33334
v -14.33333 -28.83333 -80.8
v -14.6 -28.83333 -80.66667
v -14.4 -28.83333 -80.33334
v -11.73333 -28.83333 -79.93333
v -11.73333 -28.83333 -81.2
v -11.86667 -28.83333 -81.26667
v -14.4 -28.83333 -80.33334
v -14.53333 -28.7 -80
v -11.73333 -28.83333 -79.93333
v -11.86667 -28.83333 -81.26667
v -14.33333 -28.83333 -81.26667
v -14.33333 -28.83333 -80.8
v -15.33333 -28.86666 -80.33334
v -15.06667 -28.83333 -80.46667
v -15.06667 -28.83333 -80.66667
v -15.46667 -28.86666 -80.66667
v -15 -28.86666 -74.73334
v -16.6 -28.86666 -79
v -16.73333 -28.86666 -79.13334
v -17.06667 -28.86666 -68.26667
v -15.2 -28.86666 -73.2
v -15.33333 -28.86666 -80.33334
v -15.46667 -28.86666 -80.66667
v -15.6 -28.86666 -80.8
v -15.2 -28.4 -80
v -15.33333 -28.86666 -80.33334
v -15.6 -28.86666 -80.8
v -16.6 -28.86666 -80
v -3.8 -28.76667 -70.4
v -4 -28.76667 -70.13333
v 0 -28.8 -70.13333
v -15.6 -28.86666 -80.8
v -15.6 -28.86666 -81.13334
v -17.06667 -28.86666 -81.13334
v -16.6 -28.86666 -80
v -13.66667 -28.86666 -75.06667
v -6.8 -28.8 -75.13333
v -2.466667 -28.8 -75.33334
v -2.8 -28.8 -76.66667
v -12.33333 -28.83333 -78.86667
v -13.66667 -28.86666 -78.86667
v -16.73333 -28.86666 -79.86667
v -16.6 -28.86666 -80
v -17.06667 -28.86666 -81.13334
v -11.53333 -28.8 -79.13334
v -12.2 -28.83333 -79.13334
v -12.33333 -28.83333 -78.86667
v -2.8 -28.8 -78.86667
v -2.8 -28.8 -79.13334
v -6.400001 -28.8 -79.13334
v -2.8 -28.8 -78.86667
v -6.400001 -28.8 -79.13334
v -6.666667 -28.8 -79.13334
v -12.33333 -28.83333 -78.86667
v -2.8 -28.8 -78.86667
v -6.666667 -28.8 -79.13334
v -11.53333 -28.8 -79.13334
v -4.133333 -29.03333 -71.26667
v -5.133333 -29.03333 -71.26667
v -5 -29.1 -71.13333
v -4.266666 -29.1 -71.13333
v -5 -29.1 -71.13333
v -5 -29.36667 -70.66667
v -4.266666 -29.36667 -70.66667
v -4.266666 -29.1 -71.13333
v -2.8 -28.8 -76.66667
v -2.8 -28.8 -78.86667
v -12.33333 -28.83333 -78.86667
v 0 -26.6 -78.13334
v 0 -26.53333 -78.4
v -0.1333332 -26.53333 -78.33334
v -2.066667 -28.8 -75.33334
v -1.133333 -28.8 -75.33334
v -1.133333 -28.8 -76.46667
v -2.266666 -28.8 -76.46667
v -7.733334 -28.8 -70
v -5.266667 -28.73333 -70.13333
v -5.400001 -28.73333 -70.26667
v -2.466667 -28.8 -75.33334
v -2.066667 -28.8 -75.33334
v -2.266666 -28.8 -76.46667
v -2.533334 -28.8 -76.46667
v -5.866667 -28.8 -75.13333
v -2.666667 -28.8 -75.13333
v -2.466667 -28.8 -75.33334
v -6.8 -28.8 -75.13333
v -5.866667 -28.8 -75.13333
v -2.466667 -28.8 -75.33334
v -7.733334 -28.8 -70
v -5.400001 -28.73333 -70.26667
v -5.466667 -28.76667 -71.13333
v -7.733334 -28.8 -71.26667
v -1.533334 -28.8 -75.06667
v -1.133333 -28.8 -75.06667
v -1.133333 -28.8 -75.33334
v -1.666667 -28.8 -75.26667
v -1.133333 -28.8 -75.33334
v -2.066667 -28.8 -75.33334
v -1.666667 -28.8 -75.26667
v -2.466667 -28.8 -75.33334
v -2.533334 -28.8 -76.46667
v -2.8 -28.8 -76.66667
v -5.466667 -28.76667 -71.13333
v -5.333334 -28.76667 -71.26667
v -7.733334 -28.8 -71.26667
v -13.73333 -28.86666 -68.26667
v -13.73333 -28.86666 -69.4
v -14.8 -28.86666 -69.4
v -13.73333 -28.86666 -68.26667
v -14.8 -28.86666 -69.4
v -14.93333 -28.86666 -69.53333
v -17.06667 -28.86666 -68.26667
v -4.2 -28.76667 -70
v -4.133333 -28.76667 -70.13333
v -5.266667 -28.73333 -70.13333
v -7.733334 -28.8 -70
v -12.73333 -28.86666 -73.86667
v -12.86667 -28.86666 -73.86667
v -12.86667 -28.86666 -69.53333
v -12.73333 -28.86666 -68.26667
v -13.26667 -28.86666 -69.4
v -13.26667 -28.86666 -68.26667
v -12.73333 -28.86666 -68.26667
v -12.86667 -28.86666 -69.53333
v -3.866667 -28.8 -74.93333
v -3.2 -28.8 -74.93333
v -3.133333 -28.8 -75.06667
v -5.866667 -28.8 -75.13333
v -5.733334 -28.8 -75
v -5.866667 -28.76667 -73.86667
v -6.466667 -28.76667 -73.86667
v -6.6 -28.8 -73.60001
v -7.733334 -28.8 -71.26667
v -5.333334 -28.76667 -71.26667
v -6.6 -28.8 -73.60001
v -7.733334 -28.8 -73.60001
v -7.733334 -28.8 -71.26667
v -5.866667 -28.76667 -73.86667
v -5.133333 -29.03333 -71.26667
v -4.133333 -29.03333 -71.26667
v -3.866667 -28.8 -73.66667
v -4 -28.8 -73.8
v -5.733334 -28.76667 -74
v -3.866667 -28.8 -73.66667
v -4.133333 -29.03333 -71.26667
v -3.933333 -28.8 -71.26667
v -5.866667 -28.76667 -73.86667
v -5.333334 -28.76667 -71.26667
v -5.133333 -29.03333 -71.26667
v -3.133333 -28.8 -75.06667
v -2.666667 -28.8 -75.13333
v -5.866667 -28.8 -75.13333
v -4 -28.76667 -74.8
v -5.733334 -28.8 -75
v -5.733334 -28.76667 -74
v -4 -28.8 -73.8
v -14.93333 -28.86666 -69.53333
v -14.93333 -28.86666 -71.93333
v -15.2 -28.86666 -73.2
v -17.06667 -28.86666 -68.26667
v -4 -28.76667 -74.8
v -3.866667 -28.8 -74.93333
v -5.733334 -28.8 -75
v -14.86667 -28.86666 -74.86667
v -13.86667 -28.86666 -74.86667
v -13.66667 -28.86666 -75.06667
v -13.66667 -28.86666 -78.86667
v -15.2 -28.86666 -73.2
v -15 -28.86666 -73.33334
v -15 -28.86666 -74.73334
v -16.73333 -28.86666 -79.13334
v -16.73333 -28.86666 -79.86667
v -17.06667 -28.86666 -81.13334
v -17.06667 -28.86666 -68.26667
v -13.66667 -28.86666 -78.86667
v -13.73333 -28.86666 -79
v -16.6 -28.86666 -79
v -15 -28.86666 -74.73334
v -14.86667 -28.86666 -74.86667
v -3.866667 -28.8 -73.66667
v -3.933333 -28.8 -71.26667
v -3.8 -28.8 -71.13333
v 0 -28.8 -70.13333
v 0 -28.8 -73.60001
v -3.8 -28.8 -71.13333
v -3.8 -28.76667 -70.4
v 0 -28.8 -70.13333
v 0 -28.33333 -85.33334
v 0 -28.33333 -84.73334
v 0.2666667 -28.33333 -84.26667
v 1.6 -28.33333 -83.86667
v 5.133334 -28.33333 -83.86667
v 5.133334 -28.33333 -85.33334
v 0.2666667 -28.33333 -84.26667
v 0.2666667 -28.03333 -83.86667
v 1.333333 -28.33333 -83.86667
v 0.2666667 -28.33333 -84.26667
v 1.333333 -28.33333 -83.86667
v 1.6 -28.33333 -83.86667
v 7.666667 -28.33333 -82.4
v 7.666667 -28.33333 -83.66667
v 7.400001 -28.33333 -83.8
v 5.666667 -28.33333 -82.4
v 5.666667 -28.33333 -85.33334
v 5.666667 -28.33333 -82.4
v 7.400001 -28.33333 -83.8
v 7.400001 -28.16667 -85.33334
v 8.133334 -28.33333 -83.73334
v 8.133334 -28.33333 -83.60001
v 8.266667 -28.33333 -83.60001
v 8.266667 -28.33333 -83.8
v 8.133334 -28.33333 -83.73334
v 8.266667 -28.33333 -83.60001
v 12.4 -28.33333 -83.60001
v 12.33333 -29.2 -69.06667
v 9.266667 -29.2 -69.06667
v 9.8 -29.2 -68.26667
v 12.93333 -29.2 -68.26667
v 8.266667 -28.06667 -85.33334
v 8.266667 -28.33333 -83.8
v 12.4 -28.33333 -83.60001
v 12.8 -28.33333 -83.60001
v 17.06667 -28.33333 -85.33334
v 1.6 -28.33333 -82.26667
v 1.2 -28.33333 -82.26667
v 1.2 -28.33333 -81.86667
v 5.266667 -28.33333 -81.86667
v 5.133334 -28.33333 -82
v 5.133334 -28.33333 -83.86667
v 1.6 -28.33333 -83.86667
v 1.733333 -28.33333 -83.73334
v 1.733333 -28.33333 -82.4
v 1.6 -28.33333 -82.26667
v 5.133334 -28.33333 -82
v 5.133334 -28.33333 -83.86667
v 1.733333 -28.33333 -83.73334
v 1.733333 -28.33333 -82.4
v 5.133334 -28.33333 -82
v 8.333334 -28.33333 -82.73334
v 8.133334 -28.33333 -82.73334
v 8.200001 -28.33333 -82
v 8.533334 -28.33333 -82.93333
v 8.333334 -28.33333 -82.73334
v 8.200001 -28.33333 -82
v 12.2 -28.33333 -81.86667
v 12.13333 -28.33333 -83.06667
v 12.4 -28.33333 -83.60001
v 8.266667 -28.33333 -83.60001
v 8.533334 -28.33333 -83.33334
v 12.2 -28.33333 -83.4
v 8.066668 -28.33333 -81.86667
v 12.2 -28.33333 -81.86667
v 8.200001 -28.33333 -82
v 12.13333 -28.33333 -83.06667
v 12.2 -28.33333 -83.4
v 8.533334 -28.33333 -83.33334
v 8.533334 -28.33333 -82.93333
v 12.93333 -29.2 -68.26667
v 12.93333 -29.2 -69.13333
v 12.33333 -29.2 -69.06667
v 7.533334 -29.2 -68.26667
v 8.933333 -29.2 -68.26667
v 8.400001 -29.2 -69.06667
v 7.533334 -29.2 -69.13333
v 2.533334 -29.83333 -68.26667
v 7.066667 -29.83333 -68.26667
v 7.066667 -29.83333 -69.13333
v 2.533334 -29.83333 -69.13333
v 13 -28.33333 -83.13334
v 16.06667 -28.33333 -83.13334
v 16.06667 -28.33333 -83.33334
v 12.86667 -28.33333 -83.53333
v 13 -28.33333 -83.13334
v 16.06667 -28.33333 -83.33334
v 16.26667 -28.33333 -83.53333
v 12.8 -28.33333 -83.60001
v 12.86667 -28.33333 -83.53333
v 16.26667 -28.33333 -83.53333
v 17.06667 -28.33333 -85.33334
v 16.26667 -28.33333 -83.53333
v 16.66667 -28.33333 -83.53333
v 17.06667 -28.33333 -85.33334
v 16.66667 -28.33333 -82.60001
v 16.66667 -28.33333 -78.13334
v 17.06667 -28.33333 -78.13334
v 16.86667 -28.33333 -82.86667
v 13.46667 -28.33333 -78
v 13.6 -28.33333 -77.8
v 15.6 -28.33333 -77.8
v 15.73333 -28.33333 -78.13334
v 15.73333 -28.33333 -78.13334
v 16.2 -28.33333 -78.13334
v 16.2 -28.33333 -82.60001
v 12.66667 -28.33333 -78
v 13.46667 -28.33333 -78
v 15.73333 -28.33333 -78.13334
v 16.2 -28.33333 -82.60001
v 12.66667 -28.33333 -82.60001
v 0 -26.6 -78.13334
v 0 -26.6 -77.73334
v 0.1333333 -26.4 -77.66667
v 0 -26.53333 -78.4
v 0 -26.6 -78.13334
v 0.1333333 -26.4 -77.66667
v 1.266667 -26.4 -77.60001
v 0.8666667 -26.53333 -78.26667
v 0.6666667 -26.53333 -78.46667
v 1.266667 -26.4 -77.60001
v 1.266667 -26.6 -78.26667
v 0.8666667 -26.53333 -78.26667
v 0.1333333 -26.4 -77.66667
v 0 -26.4 -76.8
v 0.1333333 -26.4 -76.66667
v 2.533334 -26.4 -76.66667
v 1.466667 -26.4 -77.4
v 0 -27.06667 -81.46667
v 0 -26.53333 -78.4
v 0.6666667 -26.53333 -78.46667
v 0.7333333 -27.16667 -82.26667
v 0.7333333 -27.16667 -82.26667
v 0 -27.16667 -82.26667
v 0 -27.06667 -81.46667
v 2.533334 -26.4 -76.66667
v 2.533334 -26.4 -77.4
v 1.466667 -26.4 -77.4
v 0.1333333 -26.4 -77.66667
v 1.466667 -26.4 -77.4
v 1.266667 -26.4 -77.60001
v 1.733333 -28.33333 -77.86667
v 2.6 -28.33333 -77.86667
v 2.666667 -28.33333 -78
v 1.733333 -28.33333 -78.60001
v 12.2 -28.33333 -78
v 12.2 -28.33333 -81.86667
v 8.066668 -28.33333 -81.86667
v 1.6 -28.33333 -78.73334
v 1.733333 -28.33333 -78.60001
v 2.666667 -28.33333 -78
v 5.266667 -28.33333 -81.86667
v 1.2 -28.33333 -81.86667
v 1.2 -28.33333 -81.86667
v 1.133333 -28.33333 -78.73334
v 1.6 -28.33333 -78.73334
v 12.2 -28.33333 -78
v 8.066668 -28.33333 -81.86667
v 7.733334 -28.33333 -81.86667
v 7.733334 -28.33333 -81.86667
v 5.533334 -28.33333 -81.86667
v 2.666667 -28.33333 -78
v 12.2 -28.33333 -78
v 5.533334 -28.33333 -81.86667
v 5.266667 -28.33333 -81.86667
v 2.666667 -28.33333 -78
v 0 -28.8 -76.06667
v 4.733334 -29 -76.06667
v 4.666667 -29 -76.2
v 0 -28.8 -76.2
v 13 -29.2 -76.06667
v 13 -29.2 -76.2
v 6.333333 -29 -76.2
v 6.266667 -29 -76.06667
v 14.26667 -29.2 -68.93333
v 14 -29.2 -68.8
v 14 -29.2 -68.26667
v 17.06667 -29.2 -68.26667
v 17.06667 -29.2 -76.13333
v 14.2 -29.2 -76.13333
v 14.26667 -29.2 -68.93333
v 17.06667 -29.2 -68.26667
v 17.06667 -28.33333 -85.33334
v 16.86667 -28.33333 -83.33334
v 16.86667 -28.33333 -82.86667
v 17.06667 -28.33333 -78.13334
v 0 -28.8 -76.06667
v 0 -28.8 -75.06667
v 0.2666667 -28.8 -74.93333
v 4.733334 -29 -76.06667
v 6.266667 -29 -76.06667
v 6.2 -28.96667 -73.46667
v 7.933334 -29.16667 -73.46667
v 4.733334 -29 -76.06667
v 0.2666667 -28.8 -74.93333
v 0.2666667 -28.8 -73.73334
v 17.06667 -28.33333 -85.33334
v 16.66667 -28.33333 -83.53333
v 16.86667 -28.33333 -83.33334
v 7.933334 -29.16667 -73.46667
v 13 -29.2 -73.46667
v 13 -29.2 -76.06667
v 6.266667 -29 -76.06667
v 13 -29.16667 -71.13333
v 11.26667 -29.2 -71.13333
v 12.2 -29.2 -70.13333
v 13 -29.2 -70.13333
v 8.8 -29.2 -70
v 10.73333 -29.2 -70.66667
v 10.73333 -29.2 -70.93333
v 11.26667 -29.2 -71.13333
v 13 -29.16667 -71.13333
v 13 -29.2 -73.46667
v 10.93333 -29.2 -71.13333
v 11.26667 -29.2 -71.13333
v 13 -29.2 -73.46667
v 7.933334 -29.16667 -73.46667
v 8.066668 -29.16667 -73.33334
v 8.066668 -29.16667 -73.33334
v 8.066668 -29.16667 -71.13333
v 10.93333 -29.2 -71.13333
v 7.133334 -29.13333 -70.46667
v 7.266667 -29.13333 -70.13333
v 7.6 -29.13333 -70.13333
v 7.6 -29.13333 -72.8
v 6.6 -29.06667 -72.73334
v 6.533334 -29.06667 -72.60001
v 6.533334 -29.06667 -72.60001
v 6.533334 -29.06667 -70.53333
v 7.133334 -29.13333 -70.46667
v 8.8 -29.2 -70
v 8.8 -29.2 -69.6
v 9.266667 -29.2 -69.06667
v 12.33333 -29.2 -69.06667
v 10.73333 -29.2 -70.66667
v 8.066668 -29.16667 -71.13333
v 8.133334 -29.2 -70.2
v 8.666667 -29.2 -70.13333
v 8.066668 -29.16667 -71.13333
v 8.666667 -29.2 -70.13333
v 8.8 -29.2 -70
v 10.73333 -29.2 -70.93333
v 10.93333 -29.2 -71.13333
v 6.066667 -28.96667 -73.33334
v 6.2 -28.96667 -73.46667
v 6.266667 -29 -76.06667
v 4.733334 -29 -76.06667
v 6.066667 -28.96667 -73.33334
v 4.733334 -29 -76.06667
v 0.2666667 -28.8 -73.73334
v 0 -28.8 -70.13333
v 6.066667 -29.03333 -70.13333
v 0.2666667 -28.8 -73.73334
v 0 -28.8 -73.60001
v 0 -28.8 -70.13333
v 22.6 -28 -83.4
v 22.86667 -28.33333 -83.60001
v 22.73333 -28.2 -83.8
v 22.53333 -28.2 -82.13334
v 22.86667 -28.33333 -82.13334
v 22.86667 -28.2 -82.73334
v 22.6 -28.2 -82.93333
v 19.8 -29.2 -68.26667
v 33.2 -30.13333 -68.26667
v 28.8 -30.13333 -68.46667
v 23.93333 -29.2 -68.46667
v 22.4 -28.63333 -81.8
v 22.53333 -28.2 -82.13334
v 22.6 -28.2 -82.93333
v 22.6 -28 -83.4
v 33.2 -30.13333 -68.26667
v 33.2 -30.13333 -68.46667
v 28.8 -30.13333 -68.46667
v 22.6 -28 -83.4
v 22.73333 -28.2 -83.8
v 22.66667 -28.16667 -85.33334
v 24.26667 -28.16667 -85.33334
v 23.6 -28.16667 -85.33334
v 23.6 -28.16667 -84.13334
v 24.26667 -28.16667 -84.13334
v 28.13334 -30.13333 -84.53333
v 29.06667 -30.13333 -84.53333
v 29 -30.13333 -84.66667
v 28.13334 -30.13333 -84.66667
v 30.26667 -30.13333 -84.53333
v 34.06667 -30.13333 -84.53333
v 34 -30.13333 -84.66667
v 30.33334 -30.13333 -84.66667
v 29.06667 -30.13333 -84.53333
v 28.13334 -30.13333 -84.53333
v 28.2 -30.13333 -81.73334
v 32.6 -30.1 -80.26667
v 33 -30.1 -80.26667
v 34.06667 -30.13333 -84.53333
v 30.26667 -30.13333 -84.53333
v 28.2 -30.13333 -81.73334
v 30.26667 -30.13333 -84.53333
v 29.06667 -30.13333 -84.53333
v 28.2 -30.13333 -81.73334
v 28.2 -30.13333 -81.73334
v 28.06667 -30.13333 -81.60001
v 32.6 -30.1 -80.26667
v 33.66667 -26.76667 -68.26667
v 34.13334 -26.76667 -68.26667
v 34.13334 -26.76667 -69.26667
v 33.66667 -26.76667 -69.26667
v 33.66667 -30.13333 -68.26667
v 34.13334 -30.13333 -68.26667
v 34.13334 -30.13333 -69.26667
v 33.66667 -30.13333 -69.26667
v 18.53333 -29.2 -68.26667
v 19.33333 -29.2 -68.26667
v 19.33333 -29.2 -71.86667
v 18.53333 -29.2 -71.86667
v 23 -28.8 -81.60001
v 22.4 -28.63333 -81.8
v 17.06667 -28.33333 -78.13334
v 32.6 -30.1 -80.26667
v 28.06667 -30.13333 -81.60001
v 27.73333 -29.93333 -81.60001
v 23.93333 -29.2 -68.46667
v 19.8 -29.2 -68.46667
v 19.8 -29.2 -68.26667
v 23.73333 -29.2 -69.4
v 23.8 -29.2 -72.33334
v 19.8 -29.2 -72.2
v 19.8 -29.2 -68.46667
v 31 -30.13333 -78.26667
v 31.93333 -30.13333 -78.33334
v 32 -30.1 -78.46667
v 19.8 -29.2 -68.46667
v 23.8 -29.2 -68.60001
v 23.73333 -29.2 -69.4
v 23.8 -29.2 -72.33334
v 19.66667 -29.2 -72.33334
v 19.8 -29.2 -72.2
v 17.06667 -28.33333 -78.13334
v 30.93333 -30.13333 -78.13334
v 31 -30.13333 -78.26667
v 34.13334 -30.13333 -84.53333
v 34.06667 -30.13333 -84.53333
v 33 -30.1 -80.26667
v 33.13334 -30.1 -80.13334
v 33.13334 -30.1 -80.13334
v 33.26667 -29.93333 -78.13334
v 33.6 -29.93333 -77.73334
v 23.33333 -28.83333 -81.60001
v 23 -28.8 -81.60001
v 17.06667 -28.33333 -78.13334
v 32.46667 -30.1 -80.13334
v 32.6 -30.1 -80.26667
v 27.73333 -29.93333 -81.60001
v 22.4 -28.63333 -81.8
v 22.6 -28 -83.4
v 22.66667 -28.16667 -85.33334
v 17.06667 -28.33333 -85.33334
v 17.06667 -28.33333 -78.13334
v 31.53333 -30.13333 -76.2
v 32.53333 -30.13333 -76.2
v 32.2 -30.13333 -76.66667
v 32.53333 -30.13333 -76.2
v 31.53333 -30.13333 -76.2
v 31.33334 -30.13333 -76.06667
v 31 -30.13333 -78.26667
v 32.53333 -30.13333 -78.60001
v 32.46667 -30.1 -80.13334
v 27.73333 -29.93333 -81.60001
v 23.33333 -28.83333 -81.60001
v 17.06667 -28.33333 -78.13334
v 31 -30.13333 -78.26667
v 32 -30.1 -78.46667
v 32.53333 -30.13333 -78.60001
v 34.13334 -30.13333 -84.53333
v 33.6 -29.93333 -77.73334
v 33.6 -29.93333 -77.4
v 34.13334 -30.13333 -69.73334
v 17.06667 -29.2 -76.13333
v 18.2 -29.2 -72.33334
v 19.66667 -29.2 -72.33334
v 19.66667 -29.2 -72.33334
v 23.8 -29.2 -72.33334
v 23.8 -29.2 -76.13333
v 17.06667 -29.2 -76.13333
v 31.06667 -30.13333 -76.06667
v 30.4 -30.13333 -76.06667
v 30.4 -30.13333 -75.66667
v 30.2 -30.13333 -71.46667
v 30.06667 -30.13333 -71.4
v 30.06667 -30.13333 -70.6
v 33.2 -30.13333 -69.6
v 33.33334 -30.13333 -69.73334
v 31.06667 -30.13333 -76.06667
v 30.4 -30.13333 -75.66667
v 30.26667 -30.13333 -75.53333
v 29.86667 -30.13333 -74.26667
v 30.2 -30.13333 -73.86667
v 31.33334 -30.13333 -76.06667
v 19.8 -29.2 -68.46667
v 23.93333 -29.2 -68.46667
v 23.8 -29.2 -68.60001
v 28.86667 -30.13333 -75.46667
v 28.86667 -30.13333 -74.33334
v 29.86667 -30.13333 -74.26667
v 30.26667 -30.13333 -75.53333
v 30.06667 -30.13333 -70.6
v 29.93333 -30.13333 -70.46667
v 28.93333 -30.13333 -68.60001
v 33.2 -30.13333 -68.46667
v 33.2 -30.13333 -69.6
v 28.93333 -30.13333 -68.60001
v 28.8 -30.13333 -68.46667
v 33.2 -30.13333 -68.46667
v 29.93333 -30.13333 -70.46667
v 28.86667 -30.13333 -70.46667
v 28.93333 -30.13333 -68.60001
v 33.6 -29.93333 -77.4
v 33.33334 -30.03333 -76.53333
v 34.13334 -30.13333 -69.73334
v 33.33334 -30.03333 -76.53333
v 32.86667 -30.13333 -76.2
v 30.2 -30.13333 -73.86667
v 30.2 -30.13333 -71.46667
v 33.33334 -30.13333 -69.73334
v 34.13334 -30.13333 -69.73334
v 33.6 -29.93333 -77.4
v 33.26667 -30.03333 -76.93333
v 33.33334 -30.03333 -76.53333
v 32.86667 -30.13333 -76.2
v 32.53333 -30.13333 -76.2
v 31.33334 -30.13333 -76.06667
v 30.2 -30.13333 -73.86667
v 34.13334 -30.13333 -84.53333
v 33.13334 -30.1 -80.13334
v 33.6 -29.93333 -77.73334
v 17.06667 -29.2 -68.26667
v 18.06667 -29.2 -68.26667
v 18.06667 -29.2 -72.2
v 17.06667 -29.2 -76.13333
v 18.06667 -29.2 -72.2
v 18.2 -29.2 -72.33334
v 17.06667 -29.2 -76.13333
v 39.33334 -30.13333 -84.2
v 39.26667 -30.13333 -84.53333
v 39 -30.13333 -84.53333
v 39.33334 -30.13333 -81.26667
v 38.93333 -30.13333 -80.93333
v 39.26667 -30.13333 -81
v 39.33334 -30.13333 -81.26667
v 36.53334 -30.13333 -80.93333
v 39.33334 -30.13333 -81.26667
v 39.53334 -30.13333 -81.4
v 39.53334 -30.13333 -84.06667
v 39.33334 -30.13333 -84.2
v 39.33334 -30.13333 -81.26667
v 39 -30.13333 -84.53333
v 38.93333 -30.13333 -84.66667
v 35.33334 -30.13333 -84.66667
v 35.26667 -30.13333 -84.53333
v 36.2 -30.13333 -80.93333
v 49.2 -26.56667 -68.26667
v 49.6 -26.56667 -68.26667
v 49.6 -26.56667 -68.53333
v 49.2 -26.56667 -68.53333
v 36.2 -30.13333 -80.93333
v 36.53334 -30.13333 -80.93333
v 39.33334 -30.13333 -81.26667
v 49.2 -30.03333 -68.26667
v 49.33334 -29.93333 -68.26667
v 49.33334 -30.03333 -68.53333
v 49.2 -30.03333 -68.53333
v 35.33334 -30.1 -80.2
v 36 -30.13333 -80.60001
v 36.2 -30.13333 -80.93333
v 35.26667 -30.13333 -84.53333
v 34.13334 -30.13333 -84.53333
v 48.2 -30.13333 -68.26667
v 48.2 -30.13333 -69.26667
v 44.13334 -30.13333 -69.26667
v 34.66667 -30.13333 -68.26667
v 48.2 -30.13333 -68.26667
v 43.2 -30.13333 -69.26667
v 34.66667 -30.13333 -69.26667
v 48.2 -30.13333 -68.26667
v 44.13334 -30.13333 -69.26667
v 43.2 -30.13333 -69.26667
v 38.93333 -30.13333 -80.93333
v 36.53334 -30.13333 -80.93333
v 36.6 -30.13333 -80.8
v 38.86667 -30.13333 -80.8
v 43 -30 -79.53333
v 42.73334 -30 -79.4
v 42.73334 -30 -78.60001
v 47.66667 -30 -78.60001
v 47.66667 -30 -80.13334
v 47.66667 -30 -80.13334
v 42.93333 -30 -80.13334
v 43 -30 -79.53333
v 51.2 -30.13333 -78.66667
v 51.2 -30.13333 -79.8
v 48.66667 -30.13333 -79.8
v 48.66667 -30.13333 -78.66667
v 37.66667 -30.13333 -79.2
v 39.53334 -30.13333 -79.2
v 39.4 -30.13333 -79.4
v 37.6 -30.13333 -79.4
v 42.26667 -30.13333 -79.2
v 42.26667 -30.13333 -79.4
v 40.4 -30.13333 -79.4
v 40.26667 -30.13333 -79.2
v 42.26667 -30.13333 -78.73334
v 42.26667 -30.13333 -79.2
v 40.26667 -30.13333 -79.2
v 39.53334 -30.13333 -79.2
v 37.66667 -30.13333 -79.2
v 37.46667 -30.13333 -78.86667
v 39.53334 -30.13333 -79.2
v 37.46667 -30.13333 -78.86667
v 37.2 -30.13333 -78.73334
v 42.26667 -30.13333 -78.73334
v 40.26667 -30.13333 -79.2
v 36.26667 -30.03333 -78.73334
v 36.93333 -30.03333 -78.73334
v 36.8 -30.03333 -78.93333
v 36.33334 -29.93333 -78.93333
v 36.93333 -30.03333 -78.73334
v 36.26667 -30.03333 -78.73334
v 36.06667 -30.13333 -77.60001
v 37.2 -30.13333 -78.73334
v 36.93333 -30.03333 -78.73334
v 36.06667 -30.13333 -77.60001
v 42.4 -30.13333 -78.06667
v 42.26667 -30.13333 -78.2
v 42.26667 -30.13333 -78.2
v 42.26667 -30.13333 -78.73334
v 37.2 -30.13333 -78.73334
v 47.66667 -30.13333 -77.4
v 47.66667 -30.13333 -78.06667
v 42.4 -30.13333 -78.06667
v 36.06667 -30.13333 -77.60001
v 35.86667 -30.13333 -77.4
v 51.2 -30.13333 -78.2
v 48.6 -30.13333 -78.2
v 48.53334 -30.13333 -78.06667
v 48.2 -30.13333 -73.93333
v 51.2 -30.13333 -73.93333
v 48.53334 -30.13333 -78.06667
v 48.13334 -30.13333 -78.06667
v 48.2 -30.13333 -73.93333
v 45.4 -30.13333 -76.2
v 47.66667 -30.13333 -76.2
v 47.66667 -30.13333 -77.4
v 42.86667 -30.13333 -75.13333
v 45.26667 -30.13333 -75.13333
v 45.26667 -30.13333 -76.06667
v 34.13334 -26.76667 -68.26667
v 34.2 -26.76667 -68.26667
v 34.13334 -26.76667 -69.26667
v 42.86667 -30.13333 -75.13333
v 45.26667 -30.13333 -76.06667
v 45.4 -30.13333 -76.2
v 35.33334 -30 -79.93333
v 35.33334 -30.1 -80.2
v 34.13334 -30.13333 -84.53333
v 35.4 -30.03333 -77.93333
v 35.73333 -29.93333 -79.4
v 35.33334 -30 -79.93333
v 38.93333 -30.13333 -74.46667
v 42.66667 -30.13333 -74.46667
v 42.66667 -30.13333 -74.93333
v 38.93333 -30.13333 -74.46667
v 42.66667 -30.13333 -74.93333
v 42.86667 -30.13333 -75.13333
v 38.66667 -30.13333 -74.46667
v 34.13334 -30.13333 -68.26667
v 34.2 -30.13333 -68.26667
v 34.13334 -30.13333 -69.26667
v 44.2 -26.53333 -73
v 44.2 -26.53333 -73.4
v 44.06667 -26.53333 -73.46667
v 43.93333 -26.53333 -72.86667
v 43.13334 -26.53333 -71.53333
v 43.93333 -26.53333 -71.66667
v 43.93333 -26.53333 -72.86667
v 43.13334 -26.53333 -71.53333
v 44.06667 -26.53333 -71.53333
v 43.93333 -26.53333 -71.66667
v 44.06667 -26.53333 -73.46667
v 44.06667 -26.5 -74.60001
v 43.13334 -26.53333 -74.60001
v 43.13334 -26.53333 -71.53333
v 43.93333 -26.53333 -72.86667
v 44.13334 -29.96667 -74.60001
v 43.26667 -29.96667 -74.60001
v 43.2 -29.96667 -74.06667
v 43.93333 -29.96667 -72.86667
v 44.13334 -29.96667 -73
v 44.13334 -29.96667 -69.86667
v 44.13334 -29.96667 -71.53333
v 43.93333 -29.96667 -71.66667
v 43.26667 -29.96667 -69.86667
v 43.2 -29.96667 -74.06667
v 43.26667 -29.96667 -69.86667
v 43.93333 -29.96667 -71.66667
v 43.93333 -29.96667 -72.86667
v 37.2 -30.13333 -69.33334
v 37.06667 -30.13333 -69.6
v 36.66667 -30.13333 -69.73334
v 34.66667 -30.13333 -69.33334
v 36.06667 -30.13333 -70.93333
v 36.06667 -30.13333 -71.46667
v 35.93333 -30.13333 -71.60001
v 34.13334 -30.13333 -69.73334
v 34.53334 -30.13333 -69.73334
v 36 -30.1 -72.13333
v 36.6 -30.1 -72.4
v 36.33334 -30.1 -72.86667
v 43.2 -30.13333 -69.26667
v 42.8 -30.13333 -69.33334
v 37.53334 -30.13333 -69.33334
v 34.66667 -30.13333 -69.26667
v 37.53334 -30.13333 -69.33334
v 37.2 -30.13333 -69.33334
v 34.66667 -30.13333 -69.26667
v 34.66667 -30.13333 -69.33334
v 36.66667 -30.13333 -69.73334
v 36.06667 -30.13333 -70.93333
v 34.53334 -30.13333 -69.73334
v 37.2 -30.13333 -69.33334
v 34.66667 -30.13333 -69.33334
v 34.66667 -30.13333 -69.26667
v 48.53334 -26.56667 -68.26667
v 48.73334 -26.56667 -68.26667
v 48.73334 -26.56667 -69.53333
v 48.53334 -26.56667 -69.53333
v 38.53334 -30.13333 -72.46667
v 38 -30.13333 -72.33334
v 37.46667 -30.13333 -72
v 38.46667 -30.13333 -70.2
v 39.53334 -30.13333 -73.2
v 38.8 -30.13333 -72.8
v 38.53334 -30.13333 -72.46667
v 38.26667 -30.13333 -69.73334
v 37.53334 -30.13333 -69.33334
v 42.8 -30.13333 -69.33334
v 38.53334 -30.13333 -72.46667
v 38.46667 -30.13333 -70.2
v 38.46667 -30.13333 -69.93333
v 42.66667 -30.13333 -69.46667
v 42.6 -30.13333 -71.93333
v 39.53334 -30.13333 -73.2
v 42.66667 -30.13333 -74.46667
v 38.93333 -30.13333 -74.46667
v 39.53334 -30.13333 -73.46667
v 42.66667 -30.13333 -74.46667
v 39.53334 -30.13333 -73.46667
v 39.53334 -30.13333 -73.2
v 42.6 -30.13333 -71.93333
v 38.46667 -30.13333 -69.93333
v 38.26667 -30.13333 -69.73334
v 42.8 -30.13333 -69.33334
v 42.66667 -30.13333 -69.46667
v 44.66667 -30.13333 -73.26667
v 44.8 -30.13333 -73.26667
v 44.66667 -30.13333 -73.4
v 46.06667 -30.13333 -73.26667
v 49.13334 -30.13333 -73.26667
v 49.06667 -30.13333 -73.4
v 46.13334 -30.13333 -73.4
v 35.6 -30.13333 -77.4
v 36.33334 -30.13333 -73.13333
v 36.6 -30.13333 -73.4
v 35.86667 -30.13333 -77.4
v 44.8 -30.13333 -73.26667
v 44.66667 -30.13333 -73.26667
v 44.66667 -30.13333 -70
v 42.86667 -30.13333 -75.13333
v 45.4 -30.13333 -76.2
v 47.66667 -30.13333 -77.4
v 35.86667 -30.13333 -77.4
v 38.66667 -30.13333 -74.46667
v 46.06667 -30.13333 -73.26667
v 44.8 -30.13333 -73.26667
v 44.66667 -30.13333 -70
v 49.73334 -30.13333 -70
v 50.66667 -30.13333 -70
v 50.33334 -30.13333 -73.26667
v 49.13334 -30.13333 -73.26667
v 49.73334 -30.13333 -70
v 49.13334 -30.13333 -73.26667
v 46.06667 -30.13333 -73.26667
v 44.66667 -30.13333 -70
v 44.66667 -30.13333 -69.46667
v 44.13334 -30.13333 -69.26667
v 48.2 -30.13333 -69.26667
v 48.13334 -30.13333 -69.8
v 48.13334 -30.13333 -69.8
v 48.26667 -30.13333 -69.93333
v 44.66667 -30.13333 -70
v 44.66667 -30.13333 -69.46667
v 48.26667 -30.13333 -69.93333
v 49.73334 -30.13333 -70
v 44.66667 -30.13333 -70
v 36.6 -30.13333 -73.4
v 38.66667 -30.13333 -74.46667
v 35.86667 -30.13333 -77.4
v 50.93333 -30.13333 -68.53333
v 49.86667 -30 -68.53333
v 49.86667 -30.03333 -68.26667
v 51.2 -30.13333 -68.26667
v 34.13334 -30.13333 -69.73334
v 35.93333 -30.13333 -71.60001
v 36 -30.1 -72.13333
v 51.06667 -30.13333 -68.66667
v 50.93333 -30.13333 -68.53333
v 51.2 -30.13333 -68.26667
v 36 -30.1 -72.13333
v 36.33334 -30.1 -72.86667
v 36.33334 -30.13333 -73.13333
v 35.6 -30.13333 -77.4
v 35.4 -30.13333 -77.60001
v 34.13334 -30.13333 -69.73334
v 35.4 -30.13333 -77.60001
v 35.4 -30.03333 -77.93333
v 35.33334 -30 -79.93333
v 34.13334 -30.13333 -84.53333
v 34.13334 -30.13333 -69.73334
v 51.2 -30.13333 -73.4
v 50.4 -30.13333 -73.4
v 50.33334 -30.13333 -73.26667
v 50.66667 -30.13333 -70
v 51.06667 -30.13333 -69.8
v 51.06667 -30.13333 -69.8
v 51.06667 -30.13333 -68.66667
v 51.2 -30.13333 -68.26667
v 51.2 -30.13333 -73.4
v 51.2 -30.13333 -78.66667
v 55.46667 -30.13333 -78.66667
v 55.46667 -30.13333 -79.8
v 51.2 -30.13333 -79.8
v 55.26667 -30.13333 -68.73334
v 55.2 -30.13333 -68.26667
v 55.33334 -30.13333 -68.26667
v 55.66667 -30.13333 -68.4
v 55.73334 -30.13333 -68.8
v 54.26667 -30.13333 -75.13333
v 55.46667 -30.13333 -75.13333
v 55.46667 -30.13333 -78.2
v 54.26667 -30.13333 -75.13333
v 55.46667 -30.13333 -78.2
v 51.2 -30.13333 -78.2
v 51.93334 -30.13333 -75.13333
v 58 -30.13333 -69.73334
v 57.66667 -30.13333 -69.73334
v 56.60001 -30.13333 -68.93333
v 56.13334 -30.13333 -68.33334
v 59.73334 -30.13333 -68.33334
v 59.66667 -30.13333 -68.93333
v 57.66667 -30.13333 -69.73334
v 56.60001 -30.13333 -69.73334
v 56.60001 -30.13333 -68.93333
v 55.46667 -30.13333 -75.13333
v 54.26667 -30.13333 -75.13333
v 54.40001 -30.13333 -75
v 54.40001 -30.13333 -75
v 54.40001 -30.13333 -73.93333
v 55.46667 -30.13333 -74.06667
v 55.46667 -30.13333 -75.13333
v 60.06667 -30.13333 -72.73334
v 60.13334 -29.8 -73
v 59.8 -30.13333 -73.26667
v 58.93334 -30.13333 -73.26667
v 60.40001 -30.13333 -72.2
v 60.40001 -30.13333 -72.60001
v 60.06667 -30.13333 -72.73334
v 56.93334 -30.13333 -73.26667
v 56.60001 -30.13333 -73.26667
v 56.60001 -30.13333 -72.2
v 57.66667 -30.13333 -72.2
v 57.06667 -30.13333 -73.46667
v 56.93334 -30.13333 -73.26667
v 57.66667 -30.13333 -72.2
v 58 -30.13333 -72.2
v 58.93334 -30.13333 -73.26667
v 58.8 -30.13333 -73.46667
v 60.40001 -30.13333 -72.2
v 60.06667 -30.13333 -72.73334
v 58.93334 -30.13333 -73.26667
v 58 -30.13333 -72.2
v 60.73334 -26.6 -73.46667
v 60.73334 -26.6 -68.33334
v 62.86667 -26.6 -68.33334
v 62.86667 -26.6 -73.46667
v 51.8 -30.13333 -75
v 51.93334 -30.13333 -75.13333
v 51.2 -30.13333 -78.2
v 54.86667 -30.13333 -73.26667
v 54.86667 -30.13333 -73.4
v 54.33334 -30.13333 -73.4
v 54.26667 -30.13333 -73.26667
v 55.40001 -30.13333 -69.4
v 56.13334 -30.13333 -69.26667
v 56.13334 -30.13333 -73.26667
v 55.40001 -30.13333 -73.4
v 51.2 -30.13333 -73.93333
v 51.8 -30.13333 -73.93333
v 51.8 -30.13333 -75
v 51.2 -30.13333 -78.2
v 54.86667 -30.13333 -69.6
v 54.86667 -30.13333 -73.26667
v 54.26667 -30.13333 -73.26667
v 54.60001 -30.13333 -69.46667
v 54.86667 -30.13333 -69.6
v 54.26667 -30.13333 -73.26667
v 51.93334 -30.13333 -73.26667
v 57.66667 -30.13333 -69.73334
v 57.60001 -30.13333 -69.86667
v 57.33334 -30.13333 -69.86667
v 56.60001 -30.13333 -69.73334
v 56.8 -30.13333 -71.33334
v 57 -30.13333 -71.46667
v 57 -30.13333 -71.73334
v 56.60001 -30.13333 -72.2
v 57.13334 -30.13333 -71.86667
v 57.46667 -30.13333 -71.86667
v 57.66667 -30.13333 -72.2
v 56.60001 -30.13333 -72.2
v 56.60001 -30.13333 -69.73334
v 56.86667 -30.13333 -70.46667
v 56.8 -30.13333 -71.33334
v 56.60001 -30.13333 -72.2
v 57 -30.13333 -71.73334
v 57.13334 -30.13333 -71.86667
v 56.60001 -30.13333 -72.2
v 56.60001 -30.13333 -69.73334
v 57.33334 -30.13333 -69.86667
v 56.86667 -30.13333 -70.46667
v 58 -30.13333 -72.2
v 58.13334 -30.13333 -72
v 58.46667 -30.13333 -72
v 60.40001 -30.13333 -72.2
v 58.53334 -30.13333 -70
v 58.13334 -30.13333 -70
v 58 -30.13333 -69.73334
v 60.40001 -30.13333 -69.73334
v 60.40001 -30.13333 -72.2
v 58.46667 -30.13333 -72
v 58.60001 -30.13333 -71.86667
v 58.8 -30.13333 -70.2
v 58.53334 -30.13333 -70
v 60.40001 -30.13333 -69.73334
v 60.40001 -30.13333 -70
v 60.40001 -30.13333 -72.2
v 58.60001 -30.13333 -71.86667
v 58.8 -30.13333 -71.33334
v 58.8 -30.13333 -70.2
v 60.40001 -30.13333 -70
v 60.53334 -30.13333 -70.06667
v 60.53334 -30.13333 -72.06667
v 60.40001 -30.13333 -72.2
v 58.8 -30.13333 -71.33334
v 57.13334 -28 -71.8
v 57.13334 -28 -70.06667
v 58.46667 -27.96667 -70.06667
v 58.46667 -27.96667 -71.8
v 60.2 -30.13333 -69.53333
v 60.40001 -30.13333 -69.53333
v 60.40001 -30.13333 -69.73334
v 58 -30.13333 -69.73334
v 56.60001 -30.13333 -68.93333
v 56.2 -30.13333 -68.73334
v 56.13334 -30.13333 -68.33334
v 59.66667 -30.13333 -68.93333
v 59.93334 -30.13333 -69.06667
v 60.2 -30.13333 -69.53333
v 58 -30.13333 -69.73334
v 51.93334 -30.13333 -73.26667
v 51.86667 -30.13333 -73.4
v 51.2 -30.13333 -73.4
v 51.2 -30.13333 -68.26667
v 54.33334 -30.13333 -68.26667
v 54.60001 -30.13333 -69.46667
v 51.93334 -30.13333 -73.26667
v 51.2 -30.13333 -73.4
v -18.86667 -28.86666 -57.33334
v -18.73333 -28.86666 -57
v -17.06667 -28.86666 -57
v -17.06667 -28.86666 -68.26667
v -17.86667 -28.86666 -65
v -17.06667 -28.86666 -68.26667
v -17.93333 -28.86666 -68.26667
v -17.86667 -28.86666 -65
v -19.26667 -28.86666 -64.86667
v -19.26667 -28.86666 -57.33334
v -18.86667 -28.86666 -57.33334
v -18 -28.86666 -64.86667
v -17.86667 -28.86666 -65
v -18 -28.86666 -64.86667
v -18.86667 -28.86666 -57.33334
v -20.13334 -28.86666 -58.2
v -20.13334 -28.86666 -57.33334
v -19.73333 -28.86666 -57.33334
v -19.73333 -28.86666 -64.86667
v -20.06667 -28.86666 -64.86667
v -17.06667 -28.86666 -56.46667
v -17.06667 -28.86666 -56.53334
v -18.73333 -28.86666 -56.53334
v -17.06667 -28.86666 -51.2
v -17.06667 -28.86666 -51.4
v -17.26667 -28.86666 -51.53334
v -19.4 -28.86666 -51.2
v -17.06667 -28.86666 -56
v -18.73333 -28.86666 -56
v -18.86667 -28.86666 -55.73334
v -17.26667 -28.86666 -53.86667
v -17.06667 -28.86666 -54
v -17.26667 -28.86666 -53.86667
v -18.86667 -28.86666 -55.73334
v -19.4 -28.86666 -55.73334
v -19.4 -28.86666 -51.2
v -17.26667 -28.86666 -51.53334
v -20.73333 -28.86666 -51.2
v -20.53333 -28.86666 -51.2
v -20.53333 -28.86666 -55.73334
v -20.73333 -28.86666 -55.73334
v -20.06667 -28.86666 -51.2
v -19.86667 -28.86666 -51.2
v -19.86667 -28.86666 -55.73334
v -20.06667 -28.86666 -55.73334
v -10.06667 -28.86666 -59.66667
v -7.666667 -28.86666 -62.4
v -8.466667 -28.86666 -62.6
v -13.86667 -28.86666 -66
v -13.73333 -28.86666 -66.06667
v -13.73333 -28.86666 -68.26667
v -17.06667 -28.86666 -68.26667
v -15 -28.86666 -51.26667
v -15.46667 -28.2 -51.26667
v -16.4 -28.13333 -51.2
v -15.46667 -28.2 -51.26667
v -16.4 -28.13333 -51.26667
v -16.4 -28.13333 -51.2
v -16.4 -28.13333 -51.26667
v -15.46667 -28.2 -51.26667
v -15.53333 -28.2 -51.4
v -16.4 -28.13333 -51.4
v -12.73333 -28.86666 -68.26667
v -13.26667 -28.86666 -68.26667
v -13.26667 -28.86666 -66.13334
v -12.73333 -28.86666 -66.13334
v 0 -29.23333 -64.8
v -2.8 -29.23333 -64.8
v -2.666667 -29.23333 -64.53334
v 0 -29.23333 -64.53334
v -8.6 -28.86666 -63.93334
v -8.6 -28.86666 -64.06667
v -9.6 -28.86666 -64.06667
v -9.666667 -28.86666 -63.93334
v -4.933333 -28.76667 -64
v -4.266666 -28.73333 -64
v -4 -28.73333 -64.06667
v -5.266667 -28.8 -64
v -4.933333 -28.76667 -64
v -4 -28.73333 -64.06667
v -5.533334 -28.8 -64
v -5.266667 -28.8 -64
v -4 -28.73333 -64.06667
v -17.06667 -28.86666 -57
v -14.46667 -28.86666 -57
v -13.73333 -28.86666 -59.46667
v -13.73333 -28.86666 -63.13334
v -13.86667 -28.86666 -65.13334
v -17.06667 -28.86666 -68.26667
v -13.73333 -28.86666 -59.46667
v -13.6 -28.86666 -59.6
v -13.73333 -28.86666 -63.13334
v -0.2666664 -29.23333 -59.33334
v 0 -29.23333 -59.46667
v 0 -29.23333 -64.06667
v -2.666667 -29.23333 -64.06667
v -0.2666664 -29.23333 -59.33334
v -2.666667 -29.23333 -64.06667
v -2.666667 -28.86666 -53.86667
v -0.2666664 -29.23333 -58.26667
v -5.6 -28.83333 -62.8
v -5.333334 -28.83333 -62.8
v -5.466667 -28.83333 -62.93334
v -5.466667 -28.83333 -63.73334
v -5.266667 -28.8 -64
v -5.533334 -28.8 -64
v -5.6 -28.83333 -62.8
v -5.466667 -28.83333 -62.93334
v -5.466667 -28.83333 -63.73334
v -5.533334 -28.8 -64
v -4.266666 -28.73333 -64
v -4.933333 -28.76667 -64
v -4.866667 -28.76667 -63.86667
v -4.333334 -28.73333 -63.86667
v -11.46667 -28.86666 -63.93334
v -12.26667 -28.86666 -63.8
v -12.26667 -28.86666 -63.33334
v -8.6 -28.86666 -62.93334
v -8.6 -28.86666 -63.93334
v -9.666667 -28.86666 -63.93334
v -11.46667 -28.86666 -63.93334
v -12.26667 -28.86666 -63.33334
v -12.53333 -28.86666 -62.93334
v -8.6 -28.86666 -62.93334
v -9.933334 -28.86666 -63.93334
v -8.6 -28.86666 -62.93334
v -9.666667 -28.86666 -63.93334
v -9.933334 -28.86666 -63.93334
v -3.733334 -28.8 -62.93334
v -3.866667 -28.8 -62.8
v -3.666667 -28.83333 -62.8
v -3.666667 -28.8 -63.86667
v -3.8 -28.73333 -63.86667
v -3.733334 -28.8 -62.93334
v -3.666667 -28.83333 -62.8
v -4.2 -29.13333 -62.93334
v -4.2 -29.3 -63.4
v -5 -29.3 -63.4
v -5 -29.13333 -62.93334
v -5.133333 -29.1 -62.8
v -4.066667 -29.1 -62.8
v -4.2 -29.13333 -62.93334
v -5 -29.13333 -62.93334
v -7.666667 -28.86666 -62.4
v -7.8 -28.86666 -62.6
v -8.466667 -28.86666 -62.6
v -8.466667 -28.86666 -62.6
v -8.6 -28.86666 -62.93334
v -12.53333 -28.86666 -62.93334
v -8.466667 -28.86666 -62.6
v -12.53333 -28.86666 -62.93334
v -12.73333 -28.86666 -62.93334
v -17.06667 -28.86666 -51.2
v -16.86667 -28.56667 -51.2
v -16.86667 -28.56667 -51.33334
v -17.06667 -28.86666 -51.4
v -3.666667 -28.83333 -62.4
v -3.666667 -28.83333 -62.8
v -3.866667 -28.8 -62.8
v -3.666667 -28.83333 -62.4
v -3.866667 -28.8 -62.8
v -4.066667 -29.1 -62.8
v -5.333334 -28.83333 -62.8
v -5.6 -28.83333 -62.8
v -5.733334 -28.76667 -62.4
v -5.133333 -29.1 -62.8
v -5.333334 -28.83333 -62.8
v -5.733334 -28.76667 -62.4
v -3.666667 -28.83333 -62.4
v -4.066667 -29.1 -62.8
v -5.133333 -29.1 -62.8
v -5.733334 -28.76667 -62.4
v -3.666667 -28.73333 -59.66667
v -3.666667 -28.83333 -62.4
v -5.733334 -28.76667 -62.4
v -3.666667 -28.73333 -59.66667
v -5.733334 -28.76667 -62.4
v -7.666667 -28.86666 -62.4
v -9.800001 -28.86666 -59.66667
v -7.200001 -28.86666 -53.46667
v -14.73333 -28.86666 -53.46667
v -14.8 -28.86666 -51.53334
v -10.06667 -28.86666 -59.66667
v -9.800001 -28.86666 -59.66667
v -7.666667 -28.86666 -62.4
v -12.53333 -28.86666 -59.6
v -10.13333 -28.86666 -59.6
v -10.06667 -28.86666 -59.66667
v -13.86667 -28.86666 -65.13334
v -13.86667 -28.86666 -66
v -17.06667 -28.86666 -68.26667
v -13.73333 -28.86666 -63.13334
v -13.73333 -28.86666 -65.06667
v -13.86667 -28.86666 -65.13334
v -9 -28.86666 -58.2
v -9.6 -28.86666 -58.2
v -9.6 -28.86666 -55.66667
v -8.866667 -28.86666 -58.33334
v -9 -28.86666 -58.2
v -9.6 -28.86666 -55.66667
v -7.666667 -28.86666 -55.66667
v -9 -28.83333 -59.6
v -8.8 -28.83333 -59
v -7.400001 -28.86666 -55.66667
v -3.866667 -28.76667 -55.66667
v -3.666667 -28.73333 -59.66667
v -8.866667 -28.86666 -58.33334
v -7.666667 -28.86666 -55.66667
v -7.400001 -28.86666 -55.66667
v -8.8 -28.83333 -59
v -3.666667 -28.73333 -59.66667
v -9.800001 -28.86666 -59.66667
v -9 -28.83333 -59.6
v -14.33333 -28.86666 -57.33334
v -13.73333 -28.86666 -57.33334
v -13.73333 -28.86666 -59.46667
v -13.6 -28.86666 -59.6
v -13.6 -28.86666 -63
v -13.73333 -28.86666 -63.13334
v -13.6 -28.86666 -59.6
v -12.53333 -28.86666 -59.6
v -10.06667 -28.86666 -59.66667
v -8.466667 -28.86666 -62.6
v -12.73333 -28.86666 -62.93334
v -13.6 -28.86666 -63
v -12.26667 -28.86666 -57.2
v -12.26667 -28.86666 -56.4
v -12 -28.86666 -56.26667
v -13.2 -28.86666 -58.8
v -13.2 -28.86666 -57.33334
v -12.4 -28.86666 -57.33334
v -13.2 -28.86666 -58.8
v -12.4 -28.86666 -57.33334
v -12.26667 -28.86666 -57.2
v -10.33333 -28.86666 -58.33334
v -10.33333 -28.86666 -58.8
v -12 -28.86666 -56.26667
v -12 -28.86666 -55
v -10.13333 -28.86666 -55
v -12.26667 -28.86666 -57.2
v -12 -28.86666 -56.26667
v -10.13333 -28.86666 -55
v -10.13333 -28.86666 -58.2
v -10.33333 -28.86666 -58.33334
v -17.06667 -28.86666 -56.46667
v -14.46667 -28.86666 -56.53334
v -17.06667 -28.86666 -56.53334
v -12.86667 -28.86666 -54.2
v -12.86667 -28.86666 -55.73334
v -14.33333 -28.86666 -55.73334
v -14.86667 -28.86666 -54
v -14.86667 -28.86666 -54
v -11.2 -28.86666 -54
v -12.73333 -28.86666 -54.06667
v -14.86667 -28.86666 -54
v -12.73333 -28.86666 -54.06667
v -12.86667 -28.86666 -54.2
v -14.46667 -28.86666 -56
v -17.06667 -28.86666 -56
v -17.06667 -28.86666 -54
v -14.86667 -28.86666 -54
v -14.33333 -28.86666 -55.73334
v -9.6 -28.86666 -55.66667
v -9.6 -28.86666 -55
v -8.666667 -28.86666 -55
v -7.666667 -28.86666 -55.66667
v -8.6 -28.86666 -54.13334
v -8.733334 -28.86666 -54
v -7.266667 -28.86666 -54
v -7.266667 -28.86666 -55.2
v -8.6 -28.86666 -54.46667
v -8.6 -28.86666 -54.13334
v -7.266667 -28.86666 -54
v -6.066667 -28.86666 -54.53334
v -6 -28.86666 -54.8
v -7.400001 -28.86666 -55.66667
v -7.266667 -28.86666 -55.53334
v -5.733334 -28.86666 -55
v -3.866667 -28.73333 -55
v -3.866667 -28.76667 -55.66667
v -7.266667 -28.86666 -55.53334
v -7.266667 -28.86666 -55.2
v -6 -28.86666 -54.8
v -5.733334 -28.86666 -55
v -3.533334 -28.86666 -53.73334
v -3.733334 -28.86666 -54.06667
v -6 -28.86666 -54
v -6.400001 -28.86666 -53.73334
v -7.333334 -28.86666 -53.6
v -7.266667 -28.86666 -54
v -8.733334 -28.86666 -54
v -7.200001 -28.86666 -53.46667
v -7.333334 -28.86666 -53.6
v -8.733334 -28.86666 -54
v -9.800001 -28.86666 -54
v -11.2 -28.86666 -54
v -14.73333 -28.86666 -53.86667
v -14.73333 -28.86666 -53.46667
v -7.200001 -28.86666 -53.46667
v -10.13333 -28.86666 -54
v -7.200001 -28.86666 -53.46667
v -9.800001 -28.86666 -54
v -10.13333 -28.86666 -54
v -11.2 -28.86666 -54
v -14.86667 -28.86666 -54
v -14.73333 -28.86666 -53.86667
v -16.73333 -27.63333 -51.86667
v -15.26667 -27.63333 -51.86667
v -15.2 -27.63333 -53.46667
v -16.73333 -27.63333 -53.53334
v -3.533334 -28.86666 -53.73334
v -6.400001 -28.86666 -53.73334
v -6.933333 -28.86666 -53.46667
v -14.46667 -28.86666 -57
v -14.33333 -28.86666 -57.33334
v -13.73333 -28.86666 -59.46667
v -2.8 -28.86666 -53.73334
v -3.533334 -28.86666 -53.73334
v -6.933333 -28.86666 -53.46667
v 0 -28.86666 -51.2
v 0 -29.23333 -58.13334
v -0.2666664 -29.23333 -58.26667
v -2.666667 -28.86666 -53.86667
v 0 -28.86666 -51.2
v -15 -28.86666 -51.26667
v -16.4 -28.13333 -51.2
v 0 -28.86666 -51.2
v 0 -28.86666 -51.2
v -2.666667 -28.86666 -53.86667
v -2.8 -28.86666 -53.73334
v 0 -28.86666 -51.2
v -6.933333 -28.86666 -53.46667
v -7.200001 -28.86666 -53.46667
v -14.8 -28.86666 -51.53334
v -15 -28.86666 -51.26667
v 6.466667 -29.83333 -67.46667
v 7.066667 -29.83333 -67.60001
v 7.066667 -29.83333 -68.26667
v 5.133334 -29.83333 -67.46667
v 2.533334 -29.83333 -68.26667
v 2.533334 -29.83333 -67.46667
v 3.933334 -29.83333 -67.46667
v 5.133334 -29.83333 -67.46667
v 7.066667 -29.83333 -68.26667
v 2.533334 -29.83333 -68.26667
v 3.933334 -29.83333 -67.46667
v 7.533334 -29.2 -67.66667
v 9.400001 -29.2 -67.66667
v 8.933333 -29.2 -68.26667
v 7.533334 -29.2 -68.26667
v 12.93333 -29.2 -68.26667
v 9.8 -29.2 -68.26667
v 9.866667 -29.2 -67.86667
v 12.93333 -29.2 -67.86667
v 9.666667 -29.2 -67.66667
v 13.13333 -29.2 -67.66667
v 12.93333 -29.2 -67.86667
v 9.866667 -29.2 -67.86667
v 14 -29.2 -68.26667
v 14 -29.2 -68
v 14.6 -29.2 -67.8
v 17.06667 -29.2 -68.26667
v 15.13333 -29.06667 -55.33334
v 14.86667 -29.06667 -55
v 14.86667 -29.06667 -54.4
v 17.06667 -29.06667 -55.33334
v 9.400001 -29.16667 -53.2
v 6.2 -29.83333 -53.2
v 2.533334 -29.83333 -51.2
v 6.2 -29.83333 -53.2
v 2.533334 -29.83333 -53.2
v 2.533334 -29.83333 -51.2
v 9.400001 -29.2 -67.66667
v 7.533334 -29.2 -67.66667
v 7.533334 -29.2 -67.26667
v 9.400001 -29.2 -67.66667
v 7.533334 -29.2 -67.26667
v 7.333333 -29.2 -67.06667
v 9.666667 -29.2 -67.66667
v 14.46667 -29.2 -67.06667
v 13.13333 -29.2 -67.66667
v 9.666667 -29.2 -67.66667
v 7.333333 -29.2 -67.06667
v 2.533334 -29.83333 -64.66667
v 3.933334 -29.83333 -64.66667
v 3.8 -29.83333 -64.8
v 3.8 -29.83333 -67.33334
v 3.933334 -29.83333 -67.46667
v 2.533334 -29.83333 -67.46667
v 2.533334 -29.83333 -64.66667
v 3.8 -29.83333 -64.8
v 3.8 -29.83333 -67.33334
v 2.533334 -29.83333 -67.46667
v 5.333333 -29.83333 -66
v 6.066667 -29.83333 -66
v 5.933334 -29.83333 -66.13334
v 6.066667 -29.83333 -66.73334
v 6.400001 -29.83333 -66.73334
v 6.466667 -29.83333 -67.46667
v 5.133334 -29.83333 -67.46667
v 5.266667 -29.83333 -67.33334
v 5.333333 -29.83333 -66
v 5.933334 -29.83333 -66.13334
v 5.933334 -29.83333 -66.60001
v 5.266667 -29.83333 -67.33334
v 5.266667 -29.83333 -67.33334
v 5.933334 -29.83333 -66.60001
v 6.066667 -29.83333 -66.73334
v 6.866667 -29.33333 -67.06667
v 6.866667 -29.23333 -66.46667
v 7.2 -29.23333 -66.46667
v 7.333333 -29.2 -67.06667
v 17.06667 -29.2 -68.26667
v 14.93333 -29.2 -67.53334
v 14.93333 -29.2 -67.2
v 7.333333 -29.2 -67.06667
v 7.2 -29.23333 -66.46667
v 7.333333 -29.23333 -66.33334
v 14.46667 -29.2 -67.06667
v 0 -28.86666 -51.2
v 1 -28.86666 -51.2
v 0.6666667 -29.16667 -58.06667
v 0 -29.23333 -58.13334
v 6.066667 -29.83333 -66
v 5.333333 -29.83333 -66
v 5.333333 -29.83333 -65.26667
v 7.2 -29.5 -66
v 6.066667 -29.83333 -66
v 5.333333 -29.83333 -65.26667
v 17.06667 -29.2 -68.26667
v 14.6 -29.2 -67.8
v 14.93333 -29.2 -67.53334
v 13.13333 -29.1 -54.26667
v 9.533334 -29.2 -54.13334
v 9.533334 -29.16667 -53.33334
v 13.13333 -29.1 -54.26667
v 9.400001 -29.2 -54.26667
v 9.533334 -29.2 -54.13334
v 12.2 -29.2 -65
v 13 -29.2 -65
v 13.13333 -29.2 -65.26667
v 5.333333 -29.83333 -65.26667
v 5.333333 -29.83333 -64.86667
v 5.133334 -29.83333 -64.66667
v 12.06667 -29.2 -64.66667
v 5.333333 -29.83333 -65.26667
v 5.333333 -29.83333 -64.86667
v 12.06667 -29.2 -64.66667
v 12.2 -29.2 -65
v 7.2 -29.5 -66
v 5.333333 -29.83333 -65.26667
v 13.13333 -29.2 -65.26667
v 14.46667 -29.2 -67.06667
v 7.333333 -29.23333 -66.33334
v 7.2 -29.5 -66
v 13.13333 -29.2 -65.26667
v 13.53333 -29.2 -65.26667
v 14.8 -29.2 -67.06667
v 0 -29.23333 -64.53334
v 1 -29.23333 -64.53334
v 1 -29.23333 -64.8
v 0 -29.23333 -64.8
v 13.06667 -29.2 -63.13334
v 12.93333 -29.2 -63.53334
v 12.2 -29.2 -63.53334
v 3.933334 -29.83333 -64.66667
v 2.533334 -29.83333 -64.66667
v 2.533334 -29.83333 -63.13334
v 5.133334 -29.83333 -64.66667
v 3.933334 -29.83333 -64.66667
v 2.533334 -29.83333 -63.13334
v 13.06667 -29.2 -63.13334
v 12.2 -29.2 -63.53334
v 12.06667 -29.2 -63.66667
v 12.06667 -29.2 -64.66667
v 5.133334 -29.83333 -64.66667
v 12.2 -29.2 -63.53334
v 12.06667 -29.2 -63.66667
v 5.133334 -29.83333 -64.66667
v 0 -29.23333 -59.46667
v 0.2666667 -29.23333 -59.46667
v 0.4 -29.23333 -59.8
v 1 -29.23333 -62.2
v 1 -29.23333 -64.06667
v 0 -29.23333 -64.06667
v 0.4 -29.23333 -59.8
v 1.133333 -29.23333 -62.06667
v 1 -29.23333 -62.2
v 2.066667 -29.2 -59.8
v 2.066667 -29.2 -62
v 1.133333 -29.23333 -62.06667
v 0.4 -29.23333 -59.8
v 13.86667 -29.06667 -63.26667
v 13.8 -29.1 -63.4
v 13.4 -29.1 -63.4
v 13.26667 -29.1 -63.13334
v 15.33333 -29 -63.13334
v 15.33333 -29 -63.26667
v 13.86667 -29.06667 -63.26667
v 13.26667 -29.1 -63.13334
v 15.33333 -29 -62.93334
v 15.33333 -29 -63.13334
v 13.26667 -29.1 -63.13334
v 15.33333 -29 -62.93334
v 13.26667 -29.1 -63.13334
v 13.06667 -29.2 -63.13334
v 15.86667 -29.1 -62.4
v 15.33333 -29 -62.93334
v 13.06667 -29.2 -63.13334
v 2.533334 -29.83333 -63.13334
v 2.533334 -29.83333 -62.4
v 16.46667 -29 -61.46667
v 16.33333 -28.96667 -62.4
v 16.2 -28.96667 -62.4
v 16.46667 -29 -61.46667
v 16.2 -28.96667 -62.4
v 15.86667 -29.1 -62.4
v 13.26667 -29.1 -60.06667
v 15.13333 -29.03333 -60.06667
v 16.4 -29.1 -60.66667
v 15.4 -29.1 -60.06667
v 15.66667 -28.76667 -60.06667
v 16.4 -29.1 -60.66667
v 15.13333 -29.03333 -60.06667
v 15.4 -29.1 -60.06667
v 16.4 -29.1 -60.66667
v 13.06667 -29.2 -60.06667
v 15.86667 -29.1 -62.4
v 2.533334 -29.83333 -62.4
v 2.533334 -29.83333 -60.06667
v 13.06667 -29.2 -60.06667
v 13.26667 -29.1 -60.06667
v 15.86667 -29.1 -62.4
v 2.533334 -29.83333 -60.06667
v 2.533334 -29.83333 -59.53334
v 6.866667 -29.46667 -59.53334
v 2.533334 -29.83333 -60.06667
v 6.866667 -29.46667 -59.53334
v 7.2 -29.33333 -59.53334
v 7.2 -29.33333 -59.53334
v 12.86667 -29.2 -59.53334
v 13.06667 -29.2 -60.06667
v 2.533334 -29.83333 -60.06667
v 13.26667 -29.1 -60.06667
v 13.4 -29.1 -59.86667
v 13.53333 -29.1 -60
v 15.13333 -29.03333 -60.06667
v 13.26667 -29.1 -60.06667
v 13.53333 -29.1 -60
v 15.66667 -28.76667 -60.06667
v 15.4 -29.1 -60.06667
v 15.46667 -29.1 -59.93333
v 2.533334 -29.83333 -59.53334
v 2.533334 -29.83333 -57.8
v 2.866667 -29.83333 -57.8
v 2.533334 -29.83333 -59.53334
v 2.866667 -29.83333 -57.8
v 3 -29.83333 -57.66667
v 6.733334 -29.83333 -59.2
v 6.866667 -29.46667 -59.53334
v 2.866667 -29.83333 -55.46667
v 2.533334 -29.83333 -55.46667
v 2.533334 -29.83333 -53.2
v 3 -29.83333 -55.6
v 2.866667 -29.83333 -55.46667
v 2.533334 -29.83333 -53.2
v 6.066667 -29.83333 -53.33334
v 6.066667 -29.83333 -55.86667
v 6.933334 -29.83333 -56.13334
v 6.933334 -29.83333 -59.06667
v 6.733334 -29.83333 -59.2
v 6.2 -29.83333 -56
v 2.533334 -29.83333 -53.2
v 6.2 -29.83333 -53.2
v 6.066667 -29.83333 -53.33334
v 6.066667 -29.83333 -55.86667
v 6.2 -29.83333 -56
v 6.733334 -29.83333 -59.2
v 3 -29.83333 -57.66667
v 3 -29.83333 -55.6
v 9.133334 -29.2 -54.46667
v 9.133334 -28.93333 -54.26667
v 9.400001 -29.2 -54.26667
v 7.400001 -29.2 -59.33334
v 7.400001 -29.2 -57.8
v 8.733334 -29.2 -57.8
v 7.400001 -29.2 -59.33334
v 8.733334 -29.2 -57.8
v 8.866667 -29.2 -57.66667
v 12.86667 -29.2 -59.53334
v 8.866667 -29.2 -57.66667
v 8.8 -29.2 -54.66667
v 9.133334 -29.2 -54.46667
v 8.866667 -29.2 -57.66667
v 9.133334 -29.2 -54.46667
v 9.400001 -29.2 -54.26667
v 12.93333 -29.13333 -54.53334
v 12.86667 -29.2 -59.53334
v 9.400001 -29.2 -54.26667
v 13.13333 -29.1 -54.26667
v 12.93333 -29.13333 -54.53334
v 12.86667 -29.2 -59.53334
v 7.2 -29.33333 -59.53334
v 7.400001 -29.2 -59.33334
v 14.8 -29.2 -67.06667
v 13.53333 -29.2 -65.26667
v 14.93333 -29.2 -64.8
v 17.06667 -29.2 -64.53334
v 17.06667 -29.2 -68.26667
v 14.93333 -29.2 -67.2
v 1 -28.86666 -51.2
v 1 -29.06667 -58.13334
v 0.6666667 -29.16667 -58.06667
v 14.93333 -29.2 -64.8
v 15.06667 -29.2 -64.53334
v 17.06667 -29.2 -64.53334
v 17.06667 -29.06667 -57.2
v 15.8 -29.06667 -57.26667
v 15.73333 -29.06667 -57.13334
v 17.06667 -29.06667 -55.8
v 17.06667 -29.06667 -57.2
v 15.73333 -29.06667 -57.13334
v 14.4 -29.06667 -55.8
v 15.73333 -29.06667 -57.13334
v 14.4 -29.06667 -57.13334
v 14.4 -29.06667 -55.8
v 6.6 -26.56667 -53.66667
v 8.333334 -26.56667 -53.66667
v 8.333334 -26.56667 -55.46667
v 6.6 -26.56667 -55.53334
v 17.06667 -29.06667 -55.33334
v 14.86667 -29.06667 -54.4
v 14.73333 -29.06667 -54.26667
v 17.06667 -29.06667 -51.2
v 17.06667 -29.06667 -51.2
v 14.73333 -29.06667 -54.26667
v 13.13333 -29.1 -54.26667
v 9.400001 -29.16667 -53.2
v 2.533334 -29.83333 -51.2
v 13.13333 -29.1 -54.26667
v 9.533334 -29.16667 -53.33334
v 9.400001 -29.16667 -53.2
v 17.06667 -29.2 -68.26667
v 17.06667 -29.2 -64.53334
v 17.46667 -29.2 -64.60001
v 17.46667 -29.2 -64.60001
v 18.06667 -29.2 -64.60001
v 18.06667 -29.2 -68.26667
v 17.06667 -29.2 -68.26667
v 18.53333 -29.2 -64.53334
v 19.26667 -29.2 -64.53334
v 19.33333 -29.2 -64.66667
v 19.33333 -29.2 -68.26667
v 18.53333 -29.2 -68.26667
v 21.06667 -29.2 -64.8
v 21.2 -29.2 -64.60001
v 22.33333 -29.2 -64.60001
v 21.06667 -29.2 -64.8
v 22.33333 -29.2 -64.60001
v 22.66667 -29.2 -64.60001
v 21.06667 -29.2 -64.8
v 22.66667 -29.2 -64.60001
v 23.8 -29.2 -64.60001
v 21.06667 -29.2 -64.8
v 23.8 -29.2 -64.60001
v 24.13334 -29.16667 -64.60001
v 19.8 -29.2 -68.26667
v 19.8 -29.2 -64.8
v 21.06667 -29.2 -64.8
v 19.8 -29.2 -68.26667
v 21.06667 -29.2 -64.8
v 24.13334 -29.16667 -64.60001
v 33.2 -30.13333 -64.60001
v 33.2 -30.13333 -68.26667
v 34.13334 -30.13333 -64.2
v 34.13334 -30.13333 -68.26667
v 33.66667 -30.13333 -68.26667
v 33.66667 -30.13333 -64.2
v 34.13334 -26.76667 -64.2
v 34.13334 -26.76667 -68.26667
v 33.66667 -26.76667 -68.26667
v 33.66667 -26.76667 -64.2
v 31.8 -30.13333 -64.33334
v 33.2 -30.13333 -64.33334
v 33.2 -30.13333 -64.60001
v 31.2 -30.13333 -64.33334
v 31.8 -30.13333 -64.33334
v 33.2 -30.13333 -64.60001
v 28.8 -30.13333 -64.53334
v 28.93333 -30.13333 -64.33334
v 31.2 -30.13333 -64.33334
v 33.2 -30.13333 -64.60001
v 33.2 -30.13333 -64.60001
v 24.13334 -29.16667 -64.60001
v 28.8 -30.13333 -64.53334
v 28.93333 -30.13333 -64.33334
v 28.93333 -30.13333 -64.2
v 31.13334 -30.13333 -64.2
v 31.2 -30.13333 -64.33334
v 33.2 -30.13333 -64.33334
v 31.8 -30.13333 -64.33334
v 31.86667 -30.13333 -64.2
v 33.2 -30.13333 -64.2
v 34.13334 -30.13333 -63.66667
v 31.93333 -30.13333 -63.73334
v 31.93333 -30.13333 -63.2
v 34.13334 -30.13333 -63.2
v 30.8 -30.13333 -62.73334
v 30.86667 -30.13333 -62.13334
v 31.4 -30.13333 -62.13334
v 34.13334 -30.13333 -62.73334
v 34.13334 -30.13333 -59.6
v 34.13334 -30.13333 -62.73334
v 31.53333 -30.13333 -62
v 31.53333 -30.13333 -59.6
v 34.13334 -30.13333 -62.73334
v 31.4 -30.13333 -62.13334
v 31.53333 -30.13333 -62
v 25.8 -29.06667 -58.86667
v 30.33334 -29.06667 -58.86667
v 30.33334 -29.06667 -61.53334
v 20 -29.06667 -61.53334
v 20 -29.06667 -58.86667
v 25.06667 -29.06667 -58.86667
v 25.06667 -29.06667 -58.86667
v 25.8 -29.06667 -58.86667
v 30.33334 -29.06667 -61.53334
v 20 -29.06667 -61.53334
v 20 -29.06667 -58.86667
v 20 -29.06667 -58.13334
v 20.4 -29.06667 -58.13334
v 20 -29.06667 -58.86667
v 20.4 -29.06667 -58.13334
v 20.66667 -29.06667 -58.13334
v 22.53333 -29.06667 -58.13334
v 24.2 -29.06667 -58.13334
v 24.2 -29.06667 -58.66667
v 22.53333 -29.06667 -58.13334
v 24.2 -29.06667 -58.66667
v 24.33333 -29.06667 -58.8
v 22.26667 -29.06667 -58.13334
v 24.33333 -29.06667 -58.8
v 25.06667 -29.06667 -58.86667
v 20 -29.06667 -58.86667
v 20 -29.06667 -58.86667
v 20.66667 -29.06667 -58.13334
v 22.26667 -29.06667 -58.13334
v 24.33333 -29.06667 -58.8
v 26.73333 -29.06667 -55.66667
v 30.4 -29.06667 -55.66667
v 30.26667 -29.06667 -55.8
v 30.33334 -29.06667 -58.86667
v 25.8 -29.06667 -58.86667
v 26.53333 -29.06667 -58.8
v 30.33334 -29.06667 -58.86667
v 26.53333 -29.06667 -58.8
v 26.66667 -29.06667 -58.66667
v 30.26667 -29.06667 -55.8
v 30.33334 -29.06667 -58.86667
v 26.66667 -29.06667 -58.66667
v 26.73333 -29.06667 -55.66667
v 31.8 -29.06667 -58.73334
v 31.53333 -29.06667 -58.66667
v 31.53333 -29.06667 -57.8
v 33.13334 -29.06667 -57.8
v 32.93333 -29.06667 -58
v 32.93333 -29.06667 -58
v 32.93333 -29.06667 -58.73334
v 31.8 -29.06667 -58.73334
v 22.13334 -29.06667 -58
v 22.26667 -29.06667 -58.13334
v 20.66667 -29.06667 -58.13334
v 20.8 -29.06667 -58
v 20.6 -29.06667 -57
v 22.4 -29.06667 -57
v 22.13334 -29.06667 -57.26667
v 20.8 -29.06667 -57.2
v 22.13334 -29.06667 -57.26667
v 22.13334 -29.06667 -58
v 20.8 -29.06667 -58
v 20.8 -29.06667 -57.2
v 33.66667 -29.06667 -57.8
v 33.8 -29 -56.26667
v 34.13334 -29.03333 -56.46667
v 34.13334 -29.03333 -57.86667
v 26.06667 -29.06667 -51.2
v 25.86667 -29.06667 -51.46667
v 25.6 -29.06667 -51.46667
v 31.53333 -29.06667 -57.8
v 31.53333 -29.06667 -56.53334
v 31.73333 -29.06667 -56.4
v 33.13334 -29.06667 -57.8
v 31.73333 -29.06667 -55.93333
v 31.46667 -29.06667 -55.66667
v 33.8 -29.06667 -55.66667
v 33.8 -29 -56.26667
v 33.66667 -29.06667 -57.8
v 33.13334 -29.06667 -57.8
v 31.73333 -29.06667 -56.4
v 31.73333 -29.06667 -55.93333
v 33.8 -29.06667 -55.66667
v 19.13334 -29.06667 -55.8
v 19.13334 -29.06667 -57
v 19 -29.06667 -57.26667
v 17.06667 -29.06667 -57.2
v 17.06667 -29.06667 -55.8
v 19.6 -29.06667 -57
v 20.06667 -29.06667 -57
v 20 -29.06667 -57.13334
v 19.6 -29.06667 -57.13334
v 24.46667 -29.06667 -57
v 24.46667 -29.06667 -57.13334
v 22.93333 -29.06667 -57.13334
v 22.86667 -29.06667 -57
v 25.33334 -29.06667 -52.13334
v 25.6 -29.06667 -52.26667
v 25.53333 -29.06667 -52.46667
v 24.6 -29.06667 -52.46667
v 24.46667 -29.06667 -52.6
v 24.46667 -29.06667 -57
v 22.86667 -29.06667 -57
v 19.53333 -29.06667 -55.33334
v 25.33334 -29.06667 -51.86667
v 25.33334 -29.06667 -52.13334
v 24.6 -29.06667 -52.46667
v 26.06667 -29.06667 -51.2
v 26.06667 -29.06667 -51.46667
v 25.86667 -29.06667 -51.46667
v 20.06667 -29.06667 -57
v 19.6 -29.06667 -57
v 19.66667 -29.06667 -55.46667
v 20.6 -29.06667 -57
v 20.06667 -29.06667 -57
v 19.66667 -29.06667 -55.46667
v 22.4 -29.06667 -57
v 20.6 -29.06667 -57
v 19.66667 -29.06667 -55.46667
v 22.4 -29.06667 -57
v 19.66667 -29.06667 -55.46667
v 19.53333 -29.06667 -55.33334
v 22.86667 -29.06667 -57
v 24.6 -29.06667 -52.46667
v 24.46667 -29.06667 -52.6
v 19.53333 -29.06667 -55.33334
v 31.46667 -29.06667 -54.33334
v 33.8 -29.06667 -54.33334
v 33.8 -29.06667 -55.66667
v 31.46667 -29.06667 -55.66667
v 26.73333 -29.06667 -54.33334
v 30.4 -29.06667 -54.33334
v 30.4 -29.06667 -55.66667
v 26.73333 -29.06667 -55.66667
v 30.4 -29.06667 -54.33334
v 31.46667 -29.06667 -54.33334
v 31.46667 -29.06667 -55.66667
v 30.4 -29.06667 -55.66667
v 30.26667 -29.06667 -54.2
v 30.4 -29.06667 -54.33334
v 26.73333 -29.06667 -54.33334
v 26.73333 -29.06667 -53
v 30.33334 -29.06667 -53
v 30.26667 -29.06667 -54.2
v 26.73333 -29.06667 -54.33334
v 33.8 -29.06667 -54.33334
v 31.46667 -29.06667 -54.33334
v 31.73333 -29.06667 -54.06667
v 33.8 -29.06667 -54.33334
v 31.73333 -29.06667 -54.06667
v 31.73333 -29.06667 -53.6
v 31.73333 -29.06667 -53.6
v 31.53333 -29.06667 -53.46667
v 31.53333 -29.73333 -51.2
v 33.8 -29.7 -51.2
v 33.8 -29.06667 -54.33334
v 30.8 -30.13333 -51.2
v 30.93333 -30.13333 -51.2
v 30.86667 -30.13333 -53
v 28.53333 -30.13333 -51.2
v 30.33334 -30.13333 -51.2
v 30.33334 -30.13333 -51.66667
v 28.53333 -30.13333 -51.66667
v 25.86667 -29.06667 -51.46667
v 26.06667 -29.06667 -51.46667
v 26 -29.06667 -51.6
v 25.6 -29.06667 -51.46667
v 25.33334 -29.06667 -51.86667
v 24.6 -29.06667 -52.46667
v 19.53333 -29.06667 -55.33334
v 17.06667 -29.06667 -55.33334
v 17.06667 -29.06667 -51.2
v 17.06667 -29.06667 -51.2
v 26.06667 -29.06667 -51.2
v 25.6 -29.06667 -51.46667
v 34.13334 -30.13333 -64.2
v 34.2 -30.13333 -68.26667
v 34.13334 -30.13333 -68.26667
v 34.13334 -26.76667 -64.2
v 34.2 -26.76667 -68.26667
v 34.13334 -26.76667 -68.26667
v 42.66667 -30.13333 -64.4
v 48.2 -30.13333 -64.4
v 48.2 -30.13333 -68.26667
v 42.33334 -30.13333 -64.4
v 42.66667 -30.13333 -64.4
v 48.2 -30.13333 -68.26667
v 42.33334 -30.13333 -64.4
v 48.2 -30.13333 -68.26667
v 34.66667 -30.13333 -68.26667
v 34.66667 -30.13333 -64.4
v 48.73334 -26.56667 -68.26667
v 48.53334 -26.56667 -68.26667
v 48.53334 -26.56667 -64.4
v 48.73334 -26.56667 -64.4
v 49.33334 -29.93333 -68.26667
v 49.2 -30.03333 -68.26667
v 49.2 -30 -67.4
v 49.33334 -30.03333 -67.4
v 49.6 -26.56667 -68.26667
v 49.2 -26.56667 -68.26667
v 49.2 -26.56667 -67.26667
v 49.6 -26.56667 -67.26667
v 45.6 -30.13333 -51.2
v 45.26667 -30.13333 -51.4
v 42.6 -30.13333 -51.4
v 40.6 -30.13333 -51.2
v 50 -30.1 -64.86667
v 49.86667 -30.06667 -64.8
v 49.86667 -30.03333 -64.26667
v 50.93333 -30.13333 -64.26667
v 50 -30.13333 -67
v 50 -30.1 -64.86667
v 50.93333 -30.13333 -64.26667
v 50 -30.06667 -60.86667
v 49.86667 -30.1 -59.86667
v 50.06667 -30.1 -59.73334
v 51.06667 -30.1 -62.2
v 50.93333 -30.1 -62.06667
v 49.86667 -30.03333 -68.26667
v 49.86667 -30.13333 -67.06667
v 50 -30.13333 -67
v 42.6 -30.13333 -51.4
v 40.6 -30.13333 -51.4
v 40.6 -30.13333 -51.2
v 45.6 -30.13333 -51.2
v 45.6 -30.13333 -51.4
v 45.26667 -30.13333 -51.4
v 51.2 -30.13333 -51.2
v 50.2 -30.13333 -51.4
v 48.06667 -30.13333 -51.4
v 46.06667 -30.13333 -51.2
v 50.93333 -30.1 -62.06667
v 49.86667 -30.1 -62.06667
v 50 -30.06667 -60.86667
v 48.06667 -30.13333 -51.4
v 46.06667 -30.13333 -51.46667
v 46.06667 -30.13333 -51.2
v 51.2 -30.13333 -68.26667
v 49.86667 -30.03333 -68.26667
v 50 -30.13333 -67
v 50.93333 -30.13333 -64.26667
v 51.06667 -30.13333 -64.13334
v 40.73334 -30.13333 -64.33334
v 41.66667 -30.13333 -64.33334
v 42.33334 -30.13333 -64.4
v 40.33334 -30.03333 -64.33334
v 40.73334 -30.13333 -64.33334
v 42.33334 -30.13333 -64.4
v 34.66667 -30.13333 -64.4
v 34.66667 -30.13333 -64.33334
v 37.06667 -30.13333 -64.33334
v 34.66667 -30.13333 -64.4
v 37.06667 -30.13333 -64.33334
v 37.66667 -30.13333 -64.33334
v 38.86667 -30.03333 -64.33334
v 40.33334 -30.03333 -64.33334
v 42.33334 -30.13333 -64.4
v 34.66667 -30.13333 -64.4
v 37.66667 -30.13333 -64.33334
v 38.46667 -30.13333 -64.33334
v 38.46667 -30.13333 -64.33334
v 38.86667 -30.03333 -64.33334
v 42.33334 -30.13333 -64.4
v 34.66667 -30.13333 -64.4
v 42.66667 -30.13333 -64.4
v 43.4 -29.86667 -64.26667
v 44.26667 -29.86667 -64.26667
v 42.66667 -30.13333 -64.4
v 44.26667 -29.86667 -64.26667
v 44.46667 -30.13333 -64.26667
v 44.46667 -30.13333 -64.26667
v 48.2 -30.13333 -64.26667
v 48.2 -30.13333 -64.4
v 42.66667 -30.13333 -64.4
v 34.66667 -30.13333 -64.33334
v 34.66667 -30.13333 -64.2
v 37 -30.13333 -64.2
v 37.06667 -30.13333 -64.33334
v 38.46667 -30.13333 -64.33334
v 37.66667 -30.13333 -64.33334
v 37.73333 -30.13333 -64.2
v 38.4 -30.13333 -64.2
v 41.66667 -30.13333 -64.33334
v 40.73334 -30.13333 -64.33334
v 40.8 -30.13333 -64.2
v 41.6 -30.13333 -64.2
v 48.2 -30.13333 -64.26667
v 44.46667 -30.13333 -64.26667
v 45 -30.13333 -64.06667
v 44.86667 -30.13333 -60.33334
v 43.06667 -30.13333 -60.33334
v 43.13334 -30.13333 -57.33334
v 46.4 -30.13333 -57.53334
v 46.53334 -30.13333 -57.66667
v 42.93333 -30.13333 -57.13334
v 42.2 -30.13333 -57
v 46.4 -30.13333 -57
v 43.13334 -30.13333 -57.33334
v 42.93333 -30.13333 -57.13334
v 46.4 -30.13333 -57
v 46.4 -30.13333 -57.53334
v 45 -30.13333 -60.46667
v 44.86667 -30.13333 -60.33334
v 46.53334 -30.13333 -57.66667
v 45 -30.13333 -60.46667
v 46.53334 -30.13333 -57.66667
v 48.2 -29.93333 -57.66667
v 48.2 -30.13333 -64.26667
v 45 -30.13333 -64.06667
v 34.13334 -30.13333 -63.66667
v 34.13334 -30.13333 -63.2
v 36.93333 -30.13333 -63.2
v 36.93333 -30.13333 -63.73334
v 44.4 -29.96667 -63.46667
v 44.46667 -29.96667 -63.73334
v 43.46667 -29.96667 -63.66667
v 43.33334 -29.96667 -63.46667
v 43.33334 -29.96667 -63.46667
v 43.06667 -29.96667 -63.53334
v 43.06667 -29.96667 -60.86667
v 43.2 -29.96667 -60.86667
v 43.2 -29.96667 -60.86667
v 44.46667 -29.96667 -60.8
v 44.4 -29.96667 -63.46667
v 43.33334 -29.96667 -63.46667
v 42 -30.13333 -61.86667
v 42.53334 -30.13333 -61.86667
v 42.53334 -30.13333 -62.73334
v 41.86667 -30.13333 -61.73334
v 42 -30.13333 -61.86667
v 42.53334 -30.13333 -62.73334
v 34.13334 -30.13333 -62.73334
v 41.66667 -30.13333 -59.73334
v 41.86667 -30.13333 -59.73334
v 41.86667 -30.13333 -61.73334
v 41.6 -30.13333 -59.6
v 41.66667 -30.13333 -59.73334
v 41.86667 -30.13333 -61.73334
v 34.13334 -30.13333 -62.73334
v 34.13334 -30.13333 -59.6
v 34.66667 -29.26667 -58.73334
v 34.26667 -29.26667 -58.73334
v 34.26667 -29.06667 -58
v 34.66667 -29.16667 -56.53334
v 34.13334 -29.03333 -57.86667
v 34.13334 -29.03333 -56.46667
v 34.66667 -29.16667 -56.53334
v 34.26667 -29.06667 -58
v 41.73334 -30.13333 -57.2
v 41.53334 -30.13333 -58.66667
v 41.26667 -30.13333 -58.66667
v 37.06667 -30.13333 -58.66667
v 35.13334 -30.13333 -58.66667
v 35.13334 -30.13333 -57
v 37.66667 -30.13333 -58.66667
v 37.06667 -30.13333 -58.66667
v 35.13334 -30.13333 -57
v 41.93333 -30.13333 -57
v 41.73334 -30.13333 -57.2
v 41.73334 -30.13333 -57.2
v 41.26667 -30.13333 -58.66667
v 37.66667 -30.13333 -58.66667
v 46.53334 -30.13333 -56.66667
v 46.4 -30.13333 -57
v 42.2 -30.13333 -57
v 46.53334 -30.13333 -56.66667
v 42.2 -30.13333 -57
v 41.93333 -30.13333 -57
v 35.13334 -30.13333 -56.66667
v 46.53334 -30.13333 -56.66667
v 41.93333 -30.13333 -57
v 35.13334 -30.13333 -57
v 35 -30.13333 -56.06667
v 34.26667 -30.13333 -56
v 34.26667 -30.13333 -53.2
v 35.13334 -30.13333 -56.2
v 35 -30.13333 -56.06667
v 34.26667 -30.13333 -53.2
v 38 -30.13333 -53.2
v 51.2 -30.13333 -51.2
v 51.2 -30.13333 -51.4
v 50.2 -30.13333 -51.4
v 39.26667 -30.13333 -51.2
v 39.73334 -30.13333 -51.6
v 38.46667 -30.13333 -51.6
v 38.46667 -30.13333 -51.2
v 35.13334 -30.13333 -56.66667
v 35.13334 -30.13333 -56.2
v 38 -30.13333 -53.2
v 40.46667 -30.13333 -53.2
v 39.73334 -30.13333 -51.6
v 40.13334 -30.13333 -52.66667
v 38.46667 -30.13333 -52.66667
v 38.46667 -30.13333 -51.6
v 37.86667 -30.13333 -53.06667
v 38 -30.13333 -53.2
v 34.26667 -30.13333 -53.2
v 34.26667 -30.13333 -51.2
v 37.86667 -30.13333 -51.2
v 37.86667 -30.13333 -53.06667
v 34.26667 -30.13333 -53.2
v 39.73334 -30.13333 -51.6
v 40.06667 -30.13333 -51.53334
v 40.13334 -30.13333 -52.66667
v 38.4 -26.76667 -51.2
v 39.26667 -26.76667 -51.2
v 39.8 -26.76667 -51.73334
v 40.13334 -26.76667 -52.73334
v 38.6 -26.76667 -52.73334
v 38.4 -26.76667 -52.46667
v 39.8 -26.76667 -51.73334
v 40.13334 -26.76667 -51.86667
v 40.13334 -26.76667 -52.73334
v 50.06667 -30.13333 -57.33334
v 49.86667 -30.13333 -57.2
v 49.86667 -30.13333 -56.86667
v 51.2 -30.13333 -51.93333
v 51.06667 -30.1 -62.2
v 50.06667 -30.1 -59.73334
v 50.06667 -30.13333 -57.33334
v 51.2 -30.13333 -51.93333
v 51.2 -30.13333 -68.26667
v 51.06667 -30.13333 -64.13334
v 51.06667 -30.1 -62.2
v 51.2 -30.13333 -51.93333
v 46.53334 -30.13333 -56.66667
v 35.13334 -30.13333 -56.66667
v 40.46667 -30.13333 -53.2
v 46.53334 -30.13333 -56.66667
v 40.46667 -30.13333 -53.2
v 40.6 -30.13333 -53.06667
v 46.53334 -30.13333 -56.66667
v 40.6 -30.13333 -53.06667
v 40.6 -30 -51.93333
v 51.2 -30.13333 -51.93333
v 49.06667 -30.13333 -56.66667
v 49.73334 -30.13333 -56.73334
v 49.06667 -30.13333 -56.66667
v 51.2 -30.13333 -51.93333
v 49.86667 -30.13333 -56.86667
v 49.73334 -30.13333 -56.73334
v 51.2 -30.13333 -51.93333
v 51.2 -30.13333 -51.93333
v 52.33334 -30.13333 -51.93333
v 52.46667 -30.13333 -52.8
v 51.2 -30.13333 -51.93333
v 52.46667 -30.13333 -52.8
v 52.73334 -30.13333 -53
v 53.40001 -30.13333 -60.53334
v 51.2 -30.13333 -68.26667
v 54.13334 -30.13333 -67.66667
v 54.33334 -30.13333 -68.26667
v 51.2 -30.13333 -68.26667
v 53.53334 -30.13333 -60.66667
v 54.06667 -30.13333 -60.66667
v 54.13334 -30.13333 -67.66667
v 53.40001 -30.13333 -60.53334
v 53.53334 -30.13333 -60.66667
v 54.13334 -30.13333 -67.66667
v 51.2 -30.13333 -68.26667
v 52.73334 -30.13333 -53
v 53.40001 -30.13333 -53.06667
v 53.40001 -30.13333 -60.53334
v 55.2 -30.13333 -68.26667
v 55 -30.13333 -67.66667
v 55.26667 -30.13333 -67.66667
v 55.33334 -30.13333 -68.26667
v 62.66667 -30.06667 -57.93333
v 62.8 -30.06667 -57.93333
v 62.8 -30.06667 -58.13334
v 62.33334 -30.06667 -57.93333
v 62.66667 -30.06667 -57.93333
v 62.8 -30.06667 -58.13334
v 55.60001 -30.06667 -59
v 55.06667 -30.06667 -59
v 55.06667 -30.06667 -58.53334
v 55.60001 -30.06667 -58.4
v 60.40001 -30.06667 -58.33334
v 60.40001 -30.06667 -59.26667
v 57 -30.06667 -59.26667
v 55.73334 -30.06667 -59.13334
v 55.60001 -30.06667 -59
v 55.60001 -30.06667 -58.4
v 55.73334 -30.06667 -58.26667
v 57 -30.06667 -59.26667
v 56.8 -30.06667 -59.46667
v 55.73334 -30.06667 -57.93333
v 60.60001 -30.06667 -58.13334
v 60.40001 -30.06667 -58.33334
v 57 -30.06667 -59.26667
v 55.73334 -30.06667 -58.26667
v 56.8 -30.13333 -67.86667
v 56 -30.13333 -67.86667
v 55.86667 -30.13333 -67.46667
v 55.73334 -30.06667 -59.13334
v 56.8 -30.06667 -59.46667
v 62.33334 -30.06667 -57.93333
v 62.8 -30.06667 -58.13334
v 60.60001 -30.06667 -58.13334
v 55.73334 -30.06667 -57.93333
v 53.86667 -30.06667 -58
v 54.2 -30.06667 -58
v 54.06667 -30.06667 -58.13334
v 54.06667 -30.06667 -58.13334
v 54.06667 -30.06667 -59.93333
v 53.86667 -30.06667 -59.93333
v 53.86667 -30.06667 -58
v 54.26667 -30 -53.93333
v 53.86667 -30.06667 -53.93333
v 53.86667 -30.06667 -53.53334
v 54.60001 -29.76667 -53.4
v 54.2 -30.06667 -58
v 53.86667 -30.06667 -58
v 53.86667 -30.06667 -55.33334
v 54.13334 -30.06667 -55.2
v 54.40001 -30 -54.06667
v 54.26667 -30 -53.93333
v 54.60001 -29.76667 -53.4
v 54.13334 -30.06667 -55.2
v 54.2 -30.06667 -54.66667
v 54.40001 -30.06667 -54.53334
v 54.60001 -30.06667 -58.06667
v 54.2 -30.06667 -58
v 54.40001 -30.06667 -54.53334
v 54.40001 -30 -54.06667
v 54.60001 -29.76667 -53.4
v 54.60001 -30.06667 -58.06667
v 59.06667 -30.06667 -56.13334
v 59.06667 -30.06667 -56.73334
v 58.93334 -30.06667 -56.8
v 55.40001 -30.06667 -57.13334
v 55.26667 -30.06667 -57.26667
v 55.26667 -30.06667 -57.93333
v 55.06667 -30.06667 -57.93333
v 55.06667 -30.06667 -55.73334
v 59.2 -30.06667 -56
v 59.06667 -30.06667 -56.13334
v 55.40001 -30.06667 -57.13334
v 55.06667 -30.06667 -55.73334
v 55.40001 -30.06667 -57.13334
v 55.26667 -30.06667 -57.26667
v 55.06667 -30.06667 -55.73334
v 60.8 -30.06667 -55.73334
v 60.60001 -30 -56
v 59.2 -30.06667 -56
v 55.06667 -30.06667 -55.73334
v 58.93334 -30.06667 -56.8
v 59.06667 -30.06667 -57.13334
v 55.40001 -30.06667 -57.13334
v 55.73334 -30.06667 -57.93333
v 55.73334 -30.06667 -57.6
v 62.2 -30.06667 -57.6
v 62.33334 -30.06667 -57.93333
v 60.8 -30.06667 -57.13334
v 60.8 -30.06667 -56.33334
v 61.2 -30.06667 -56.2
v 61.2 -30.06667 -55.93333
v 61 -30.06667 -55.73334
v 62.2 -30.06667 -55.73334
v 61.2 -30.06667 -56.2
v 61.2 -30.06667 -55.93333
v 62.2 -30.06667 -55.73334
v 62.2 -30.06667 -57.13334
v 60.8 -30.06667 -57.13334
v 61.2 -30.06667 -56.2
v 62.2 -30.06667 -55.73334
v 61.86667 -30.06667 -55.13334
v 62.2 -30.06667 -55.13334
v 62.2 -30.06667 -55.73334
v 61.53334 -30.06667 -55.13334
v 61.86667 -30.06667 -55.13334
v 62.2 -30.06667 -55.73334
v 61 -30.06667 -55.73334
v 55.06667 -30.06667 -55.13334
v 61.53334 -30.06667 -55.13334
v 60.8 -30.06667 -55.73334
v 55.06667 -30.06667 -55.73334
v 61.53334 -30.06667 -55.13334
v 61 -30.06667 -55.73334
v 60.8 -30.06667 -55.73334
v 60 -30.06667 -54.8
v 61.40001 -30.06667 -54.8
v 61.53334 -30.06667 -55.13334
v 59.73334 -30.06667 -54.8
v 60 -30.06667 -54.8
v 61.53334 -30.06667 -55.13334
v 59.73334 -30.06667 -54.8
v 61.53334 -30.06667 -55.13334
v 55.06667 -30.06667 -55.13334
v 55.06667 -30.06667 -54.8
v 62.2 -30.06667 -55.13334
v 61.86667 -30.06667 -55.13334
v 62 -30.06667 -55
v 62 -30.06667 -54.66667
v 61.86667 -30.06667 -54.53334
v 62.2 -30.06667 -54.53334
v 62.2 -30.06667 -54.53334
v 62.2 -30.06667 -55.13334
v 62 -30.06667 -55
v 62 -30.06667 -54.66667
v 55.06667 -30.06667 -54.8
v 55.06667 -30.06667 -54.66667
v 56.60001 -30.06667 -54.66667
v 55.06667 -30.06667 -54.8
v 56.60001 -30.06667 -54.66667
v 57.13334 -30.06667 -54.66667
v 57.13334 -30.06667 -54.66667
v 59.26667 -30.06667 -54.66667
v 59.73334 -30.06667 -54.8
v 55.06667 -30.06667 -54.8
v 61 -30.06667 -54.53334
v 61.60001 -30.06667 -54.53334
v 61.40001 -30.06667 -54.8
v 60.86667 -30.06667 -54.73334
v 61.40001 -30.06667 -54.8
v 60 -30.06667 -54.8
v 60.86667 -30.06667 -54.73334
v 55.06667 -30 -53.93333
v 56.60001 -30.06667 -53.93333
v 56.46667 -30 -54.06667
v 56.46667 -30.06667 -54.53334
v 56.60001 -30.06667 -54.66667
v 55.06667 -30.06667 -54.66667
v 55.06667 -30 -53.93333
v 56.46667 -30 -54.06667
v 56.46667 -30.06667 -54.53334
v 55.06667 -30.06667 -54.66667
v 57.26667 -30.06667 -54.06667
v 57.13334 -30.06667 -53.93333
v 59.2 -30.06667 -53.93333
v 59.26667 -30.06667 -54.66667
v 57.13334 -30.06667 -54.66667
v 57.26667 -30.06667 -54.53334
v 59.2 -30.06667 -53.93333
v 59.26667 -30.06667 -54.66667
v 57.26667 -30.06667 -54.53334
v 57.26667 -30.06667 -54.06667
v 60.86667 -30.06667 -54.26667
v 60.93334 -30.06667 -53.66667
v 61.33334 -30.06667 -53.73334
v 61.60001 -30.06667 -54.53334
v 61 -30.06667 -54.53334
v 60.86667 -30.06667 -54.26667
v 61.60001 -30.06667 -54.53334
v 60.86667 -30.06667 -54.26667
v 61.33334 -30.06667 -53.73334
v 62.2 -30.06667 -53.73334
v 61.86667 -30.06667 -54.53334
v 62.2 -30.06667 -53.73334
v 62.2 -30.06667 -54.53334
v 61.86667 -30.06667 -54.53334
v 57.8 -27.03333 -53.6
v 58 -27.03333 -53.6
v 58 -27.03333 -54.4
v 55.06667 -27.03333 -54.4
v 55.06667 -27.03333 -53.6
v 56.2 -27.03333 -53.6
v 56.60001 -27.03333 -53.6
v 57.8 -27.03333 -53.6
v 58 -27.03333 -54.4
v 56.60001 -27.03333 -53.6
v 58 -27.03333 -54.4
v 55.06667 -27.03333 -54.4
v 56.2 -27.03333 -53.6
v 55.06667 -30 -53.93333
v 55.06667 -29.76667 -53.53334
v 56.40001 -29.76667 -53.53334
v 56.60001 -30.06667 -53.93333
v 59.2 -30.06667 -53.53334
v 59.2 -30.06667 -53.93333
v 57.13334 -30.06667 -53.93333
v 56.86667 -30.06667 -53.53334
v 56.60001 -30.06667 -53.93333
v 56.40001 -29.76667 -53.53334
v 56.86667 -30.06667 -53.53334
v 57.13334 -30.06667 -53.93333
v 61.46667 -30.06667 -53.33334
v 61.26667 -30.06667 -53.13334
v 62.2 -30.06667 -53.13334
v 62.2 -30.06667 -53.73334
v 61.33334 -30.06667 -53.73334
v 61.46667 -30.06667 -53.33334
v 62.2 -30.06667 -53.13334
v 55.06667 -29.76667 -53.53334
v 55.06667 -29.76667 -53.4
v 56.33334 -29.76667 -53.4
v 56.40001 -29.76667 -53.53334
v 58.53334 -30.06667 -51.46667
v 59.33334 -30.06667 -51.46667
v 59.2 -30.06667 -51.6
v 58.53334 -30.06667 -52.4
v 58.53334 -30.06667 -51.46667
v 59.2 -30.06667 -51.6
v 59.2 -30.06667 -53.53334
v 56.86667 -30.06667 -53.53334
v 57 -30.06667 -53.4
v 58.40001 -30.06667 -52.53334
v 59.2 -30.06667 -53.53334
v 58.40001 -30.06667 -52.53334
v 58.53334 -30.06667 -52.4
v 59.2 -30.06667 -53.53334
v 57 -30.06667 -53.4
v 57 -30.06667 -52.53334
v 58.40001 -30.06667 -52.53334
v 60.8 -30.06667 -53.13334
v 61 -30.06667 -53.13334
v 60.86667 -30.06667 -53.26667
v 60.8 -30.06667 -51.6
v 60.66667 -30 -51.46667
v 62.2 -30.06667 -51.46667
v 61 -30.06667 -53.13334
v 60.8 -30.06667 -53.13334
v 60.8 -30.06667 -51.6
v 61.26667 -30.06667 -53.13334
v 61 -30.06667 -53.13334
v 60.8 -30.06667 -51.6
v 62.2 -30.06667 -51.46667
v 62.2 -30.06667 -53.13334
v 61.26667 -30.06667 -53.13334
v 60.8 -30.06667 -51.6
v 56.8 -30.06667 -51.86667
v 57 -30.06667 -52.06667
v 56.66667 -30.06667 -52.06667
v 56.8 -30.06667 -51.86667
v 56.66667 -30.06667 -52.06667
v 56.53334 -30.06667 -52.2
v 54.93334 -30.06667 -52
v 54 -30.13333 -51.2
v 56.8 -30.13333 -51.2
v 56.53334 -30.06667 -52.2
v 55.06667 -30.06667 -52.13334
v 54.93334 -30.06667 -52
v 54.93334 -30.06667 -52
v 54 -30.06667 -52
v 54 -30.13333 -51.2
v 56.53334 -30.06667 -52.2
v 56.53334 -30.06667 -52.86667
v 55.06667 -30.06667 -52.93333
v 55.06667 -30.06667 -52.13334
v 53.53334 -30.13333 -52
v 52.8 -30.13333 -52
v 52.93334 -30.13333 -51.8
v 53.53334 -30.13333 -51.2
v 53.53334 -30.13333 -52
v 52.93334 -30.13333 -51.8
v 52.93334 -30.13333 -51.2
v 51.2 -30.13333 -51.4
v 51.2 -30.13333 -51.2
v 52.33334 -30.13333 -51.2
v 52.33334 -30.13333 -51.46667
v 59.33334 -30.06667 -51.46667
v 58.53334 -30.06667 -51.46667
v 58.53334 -30.06667 -51.2
v 62.2 -30.06667 -51.2
v 62.2 -30.06667 -51.46667
v 60.66667 -30 -51.46667
v 58.53334 -30.06667 -51.2
v 62.2 -30.06667 -51.2
v 60.66667 -30 -51.46667
v 59.33334 -30.06667 -51.46667
v -20.53333 -28.86666 -51.2
v -20.73333 -28.86666 -51.2
v -20.73333 -28.86666 -50.26667
v -20.53333 -28.86666 -50.26667
v -19.86667 -28.86666 -51.2
v -20.06667 -28.86666 -51.2
v -20.06667 -28.86666 -50.26667
v -19.86667 -28.86666 -50.26667
v -19.4 -28.86666 -51.2
v -19.4 -28.86666 -50.26667
v -19.06667 -28.86666 -50.13334
v -17.06667 -28.86666 -51.2
v -19.06667 -28.86666 -50.13334
v -19.06667 -28.86666 -49
v -18.93333 -28.86666 -48.93333
v -17.06667 -28.86666 -48.73333
v -17.06667 -28.86666 -51.2
v -18.93333 -28.86666 -48.93333
v -18.93333 -28.86666 -48.73333
v -17.06667 -28.86666 -48.73333
v -17.06667 -28.86666 -46.46667
v -17.06667 -28.86666 -47.86667
v -19.06667 -28.86666 -47.86667
v -19.06667 -28.86666 -46.46667
v -17.06667 -28.13333 -34.13333
v -17.06667 -28.13333 -36.53333
v -17.66667 -28.13333 -36.53333
v -17.06667 -28.13333 -34.13333
v -17.66667 -28.13333 -36.53333
v -17.86667 -28.13333 -36.73333
v -19.06667 -28.13333 -34.13333
v -17.86667 -28.13333 -36.73333
v -17.86667 -28.13333 -45.86667
v -19.06667 -28.13333 -45.86667
v -19.06667 -28.13333 -34.13333
v 0 -28.3 -37.53333
v 0 -28.3 -42.53333
v -1.4 -28.3 -42.53333
v -5.2 -28.3 -41.4
v -12.13333 -28.13333 -34.4
v -12.4 -28.13333 -34.13333
v 0 -28.13333 -34.13333
v 0 -28.86666 -51.2
v -2.8 -28.86666 -50.86667
v -2.666667 -28.86666 -50.6
v 0 -28.86666 -50.6
v -3.533334 -28.86666 -50.86667
v -2.8 -28.86666 -50.86667
v 0 -28.86666 -51.2
v -3.533334 -28.86666 -50.86667
v 0 -28.86666 -51.2
v -16.4 -28.13333 -51.2
v -16.4 -28.13333 -50.86667
v -16.4 -28.13333 -50.86667
v -16.4 -28.13333 -50.8
v -15.4 -28.2 -50.8
v -16.4 -28.13333 -50.86667
v -15.4 -28.2 -50.8
v -15.2 -28.53333 -50.8
v -15.2 -28.53333 -50.8
v -3.6 -28.86666 -50.8
v -3.533334 -28.86666 -50.86667
v -16.4 -28.13333 -50.86667
v -13.26667 -28.13333 -34.13333
v -12.86667 -28.13333 -34.33334
v -12.86667 -28.13333 -34.6
v -13.26667 -28.13333 -34.86667
v -5.066667 -28.86666 -50.46667
v -3.666667 -28.86666 -50.46667
v -3.6 -28.86666 -50.8
v -15.2 -28.53333 -50.8
v -15.06667 -28.86666 -50.46667
v -15.26667 -28.86666 -50.26667
v -5.333334 -28.86666 -50.26667
v -15.2 -28.53333 -50.8
v -15.06667 -28.86666 -50.46667
v -5.333334 -28.86666 -50.26667
v -5.066667 -28.86666 -50.46667
v -8.733334 -28.3 -41.4
v -10.73333 -28.3 -38.93333
v -10.6 -28.3 -38.8
v -2.866667 -28.8 -48.86667
v -2.866667 -28.76667 -49.06667
v -4.533334 -28.86666 -49.06667
v -11.86667 -28.86666 -48.86667
v -12.86667 -28.13333 -34.6
v -12.6 -28.13333 -34.86667
v -13.26667 -28.13333 -34.86667
v -5.266667 -28.86666 -49.26667
v -5.400001 -28.86666 -49.4
v -11.86667 -28.86666 -48.86667
v -15.26667 -28.86666 -50.26667
v -12.53333 -28.86666 -48.86667
v -11.86667 -28.86666 -48.86667
v -5.400001 -28.86666 -49.4
v -5.333334 -28.86666 -50.26667
v -11.86667 -28.86666 -48.86667
v -4.533334 -28.86666 -49.06667
v -5.266667 -28.86666 -49.26667
v -13.26667 -28.13333 -34.13333
v -12.6 -28.13333 -34.13333
v -12.86667 -28.13333 -34.33334
v -8.733334 -28.3 -41.4
v -10.6 -28.3 -38.8
v -10.6 -28.3 -37.53333
v 0 -28.3 -37.53333
v -5.2 -28.3 -41.4
v -14.4 -28.86666 -48.8
v -12.6 -28.86666 -48.8
v -12.53333 -28.86666 -48.86667
v -14.66667 -28.86666 -48.8
v -14.4 -28.86666 -48.8
v -12.53333 -28.86666 -48.86667
v -13.26667 -28.13333 -36.46667
v -12.6 -28.13333 -34.86667
v -12.33333 -28.13333 -34.86667
v -11.13333 -28.13333 -36.26667
v -11.26667 -28.13333 -36.46667
v -11.2 -28.33333 -44.13334
v -11 -28.33333 -44
v -10.46667 -28.33333 -44
v -11.73333 -28.86666 -48.06667
v -11.86667 -28.86666 -48
v -4.8 -28.3 -42.53333
v -2.733334 -28.3 -42.53333
v -2.866667 -28.3 -42.66667
v -5.066667 -28.3 -42.73333
v -11.73333 -28.86666 -48.73333
v -11.73333 -28.86666 -48.06667
v -10.33333 -28.33333 -43.86667
v -5.066667 -28.3 -42.73333
v -2.866667 -28.3 -42.66667
v -2.866667 -28.8 -48.86667
v -11.86667 -28.86666 -48
v -11.86667 -28.33333 -44.13334
v -11.2 -28.33333 -44.13334
v -10.33333 -28.33333 -43.86667
v -10.4 -28.3 -42.86667
v -5.6 -28.3 -42.73333
v -5.066667 -28.3 -42.73333
v -2.866667 -28.8 -48.86667
v -11.86667 -28.86666 -48.86667
v -11.73333 -28.86666 -48.73333
v -11.73333 -28.86666 -48.06667
v -10.46667 -28.33333 -44
v -10.33333 -28.33333 -43.86667
v -10.4 -28.3 -42.86667
v -10.53333 -28.3 -42.73333
v -5.6 -28.3 -42.73333
v -16.73333 -28.86666 -50.26667
v -16.4 -28.86666 -48.8
v -16.06667 -28.86666 -48.8
v -17.06667 -28.86666 -46.46667
v -13.06667 -28.86666 -46.46667
v -13.06667 -28.86666 -47.86667
v -17.06667 -28.86666 -47.86667
v 0 -28.33333 -47.13334
v 0 -28.33333 -47.33334
v -0.4666672 -28.33333 -47.33334
v 0 -28.3 -44.06667
v 0 -28.3 -44.2
v -0.2666664 -28.3 -44.13334
v -1.4 -28.3 -42.53333
v 0 -28.3 -42.53333
v 0 -28.3 -43.13333
v -11.8 -28.3 -42.73333
v -11.53333 -28.3 -42.73333
v -11.73333 -28.3 -42.86667
v -8.8 -28.3 -42.66667
v -5.6 -28.3 -42.73333
v -10.53333 -28.3 -42.73333
v -8.933333 -28.3 -42.26667
v -8.8 -28.3 -42.66667
v -10.53333 -28.3 -42.73333
v -11.53333 -28.3 -42.73333
v -11.8 -28.3 -42.73333
v -13.4 -28.3 -42.66667
v -8.866667 -28.3 -41.53333
v -8.933333 -28.3 -42.26667
v -10.53333 -28.3 -42.73333
v -8.733334 -28.3 -41.4
v -8.866667 -28.3 -41.53333
v -10.53333 -28.3 -42.73333
v -11.53333 -28.3 -42.73333
v -13.4 -28.3 -42.66667
v -13.4 -28.3 -41.4
v -4.8 -28.3 -42.26667
v -5 -28.3 -42.13333
v -5 -28.3 -41.6
v -2.733334 -28.3 -42.53333
v -17.06667 -28.86666 -48.73333
v -16.4 -28.86666 -48.8
v -16.73333 -28.86666 -50.26667
v -16.86667 -28.86666 -50.4
v -2.733334 -28.3 -42.53333
v -4.8 -28.3 -42.53333
v -4.8 -28.3 -42.26667
v -16.86667 -28.86666 -50.4
v -16.86667 -28.56667 -51.2
v -17.06667 -28.86666 -51.2
v -17.06667 -28.86666 -48.73333
v -13.4 -28.3 -41.4
v -13.4 -28.3 -39.13333
v -12.6 -28.3 -39.13333
v -13.4 -28.3 -41.4
v -12.6 -28.3 -39.13333
v -12.33333 -28.3 -39.13333
v -8.733334 -28.3 -41.4
v -13.26667 -28.13333 -36.46667
v -13.26667 -28.13333 -34.86667
v -12.6 -28.13333 -34.86667
v -14.66667 -28.86666 -48.8
v -12.53333 -28.86666 -48.86667
v -15.26667 -28.86666 -50.26667
v -16.73333 -28.86666 -50.26667
v -16.06667 -28.86666 -48.8
v -12.6 -28.3 -39.13333
v -13.4 -28.3 -39.13333
v -13.4 -28.3 -38.93333
v -17.06667 -28.13333 -34.13333
v -13.73333 -28.13333 -34.13333
v -13.8 -28.13333 -36.53333
v -17.06667 -28.13333 -36.53333
v 0 -28.3 -36.93333
v 0 -28.3 -37
v -1.6 -28.3 -37
v -12.33333 -28.3 -39.13333
v -12.2 -28.3 -38.93333
v -10.73333 -28.3 -38.93333
v -8.733334 -28.3 -41.4
v -2.733334 -28.3 -42.53333
v -5 -28.3 -41.6
v -5.2 -28.3 -41.4
v -1.4 -28.3 -42.53333
v -11.13333 -28.13333 -36.26667
v -12.33333 -28.13333 -34.86667
v -12.13333 -28.13333 -34.66666
v -11.13333 -28.13333 -36.26667
v -12.13333 -28.13333 -34.66666
v -12.13333 -28.13333 -34.4
v 0 -28.13333 -34.13333
v 0 -28.13333 -36.26667
v 0 -28.86666 -50.6
v 1 -28.86666 -50.6
v 1 -28.86666 -51.2
v 0 -28.86666 -51.2
v 13.06667 -29.13333 -49.8
v 17.06667 -29.06667 -49.8
v 17.06667 -29.06667 -51.2
v 2.533334 -29.83333 -51.2
v 2.533334 -29.83333 -51.2
v 2.533334 -29.83333 -49.6
v 12.93333 -29.13333 -49.6
v 13.06667 -29.13333 -49.8
v 0 -28.33333 -47.33334
v 0 -28.33333 -47.13334
v 0.9333334 -28.33333 -46.8
v 10.4 -28.33333 -47.33334
v 1.4 -28.33333 -46.46667
v 1.4 -28.33333 -45.4
v 10.4 -28.33333 -45.4
v 10.4 -28.33333 -47.33334
v 0.9333334 -28.33333 -46.8
v 1.4 -28.33333 -46.46667
v 10.4 -28.33333 -47.33334
v 10.4 -28.3 -44.53333
v 10.4 -28.33333 -44.93333
v 1.4 -28.33333 -44.93333
v 1.133333 -28.3 -44.6
v 0 -28.3 -44.06667
v 0.5333334 -28.3 -44.13334
v 0.4 -28.3 -44.33334
v 0 -28.3 -44.2
v 10.2 -28.3 -40.93333
v 10.4 -28.3 -41.06667
v 10.4 -28.3 -41.66667
v 10.2 -28.3 -41.8
v 5.333333 -28.3 -39.73333
v 1.133333 -28.3 -44
v 1.133333 -28.3 -43.66667
v 5.333333 -28.3 -39.73333
v 10.2 -28.3 -43.06667
v 10.4 -28.3 -44
v 10.2 -28.3 -43.06667
v 10.4 -28.3 -43.2
v 10.4 -28.3 -44
v 0 -28.13333 -34.13333
v 0.6666667 -28.13333 -34.13333
v 0.6666667 -28.13333 -36.26667
v 0 -28.13333 -36.26667
v 5.333333 -28.3 -39.73333
v 10.2 -28.3 -41.8
v 10.2 -28.3 -43.06667
v 1.133333 -28.3 -43.66667
v 0.9333334 -28.3 -43.46667
v 0.8000001 -28.3 -39.73333
v 5.333333 -28.3 -39.73333
v 5.333333 -28.3 -39.73333
v 10.2 -28.3 -39.73333
v 10.2 -28.3 -40.93333
v 0 -28.3 -36.93333
v 0.6666667 -28.3 -37
v 0 -28.3 -37
v 1.6 -28.3 -37.4
v 1.6 -28.3 -36.4
v 1.733333 -28.33333 -34.13333
v 4.866667 -28.3 -35.4
v 5 -28.3 -35.46667
v 5 -28.3 -39.26667
v 10.2 -28.3 -36.6
v 10.4 -28.3 -36.73333
v 10.4 -28.3 -37.33333
v 10.2 -28.3 -37.46667
v 5.6 -28.3 -35.93333
v 10.2 -28.3 -38.8
v 10.4 -28.3 -38.93333
v 10.4 -28.3 -39.53333
v 10.2 -28.3 -39.73333
v 5.333333 -28.3 -39.73333
v 5.466667 -28.3 -39.6
v 5.533334 -28.3 -34.13333
v 10.46667 -28.3 -34.13333
v 10.33333 -28.3 -34.26667
v 5.466667 -28.3 -39.6
v 5.466667 -28.3 -36
v 5.6 -28.3 -35.93333
v 10.2 -28.3 -37.46667
v 10.2 -28.3 -38.8
v 10.33333 -28.3 -34.26667
v 10.4 -28.3 -35.2
v 10.2 -28.3 -35.33333
v 5.6 -28.3 -35.4
v 5.466667 -28.3 -35.26667
v 5.533334 -28.3 -34.13333
v 5.6 -28.3 -35.93333
v 5.6 -28.3 -35.4
v 10.2 -28.3 -35.33333
v 10.2 -28.3 -36.6
v 1.466667 -28.3 -36.26667
v 1.133333 -28.13333 -36.26667
v 1.133333 -28.13333 -34.6
v 1.133333 -28.3 -39.26667
v 1.133333 -28.3 -37.53333
v 1.466667 -28.3 -37.53333
v 1.6 -28.3 -36.4
v 1.466667 -28.3 -36.26667
v 1.133333 -28.13333 -34.6
v 1.733333 -28.33333 -34.13333
v 1.133333 -28.3 -39.26667
v 1.466667 -28.3 -37.53333
v 1.6 -28.3 -37.4
v 5 -28.3 -39.26667
v 1.733333 -28.33333 -34.13333
v 4.866667 -28.33333 -34.13333
v 4.866667 -28.3 -35.4
v 0 -28.3 -37.53333
v 0.6666667 -28.3 -37.53333
v 0.6666667 -28.3 -39.6
v 0 -28.3 -43.13333
v 0.8000001 -28.3 -39.73333
v 0.9333334 -28.3 -43.46667
v 0 -28.3 -43.13333
v 0.6666667 -28.3 -39.6
v 17.06667 -29.06667 -51.2
v 17.06667 -29.06667 -49.8
v 21.26667 -29.06667 -49.8
v 26.06667 -29.06667 -51.2
v 21.53333 -28.3 -41.93333
v 26.4 -28.3 -41.93333
v 26.06667 -28.3 -42.4
v 21.53333 -28.36666 -43
v 26.06667 -29.06667 -51.2
v 21.26667 -29.06667 -49.8
v 21.4 -29.06667 -49.66667
v 21.4 -28.4 -43.13333
v 21.53333 -28.36666 -43
v 26.06667 -28.3 -42.4
v 26.06667 -29.06667 -51.2
v 21.4 -29.06667 -49.66667
v 30.33334 -30.13333 -51.2
v 28.53333 -30.13333 -51.2
v 28.53333 -30.13333 -50.53333
v 30.33334 -30.13333 -50.53333
v 31.06667 -30.13333 -51
v 30.93333 -30.13333 -51.2
v 30.8 -30.13333 -51.2
v 30.8 -30.13333 -50.53333
v 31.06667 -30.1 -50.33334
v 31.73333 -29.13333 -43.66667
v 31.66667 -28.96667 -43.4
v 32.2 -29.03333 -43.4
v 32.33334 -29 -43.26667
v 32.26667 -28.9 -42.73333
v 32.66667 -29.1 -42.73333
v 31.53333 -29.2 -43.8
v 31.73333 -29.13333 -43.66667
v 32.2 -29.03333 -43.4
v 32.33334 -29 -43.26667
v 32.66667 -29.1 -42.73333
v 33 -29.26667 -42.73333
v 34.13334 -29.26667 -34.13333
v 34.13334 -29.26667 -36.53333
v 33.33334 -29.26667 -36.4
v 33.33334 -29.26667 -34.13333
v 34.13334 -29.26667 -37
v 34.13334 -29.26667 -37.53333
v 33.33334 -29.26667 -37.4
v 33.33334 -29.26667 -36.86667
v 33.8 -29.8 -50.93333
v 33.8 -29.7 -51.2
v 31.53333 -29.73333 -51.2
v 32.26667 -28.9 -42.73333
v 32.26667 -28.73333 -42.46667
v 32.53333 -28.76667 -42.46667
v 32.66667 -29.1 -42.73333
v 34.13334 -30.13333 -50.8
v 33 -29.26667 -42.73333
v 33.13334 -29.26667 -42.6
v 34.13334 -30.13333 -50.8
v 33.8 -29.8 -50.93333
v 31.53333 -29.73333 -51.2
v 31.53333 -29.2 -43.8
v 32.2 -29.03333 -43.4
v 33.13334 -29.26667 -42.06667
v 33 -29.26667 -41.93333
v 33.33334 -29.26667 -38.8
v 29.06667 -28.46667 -42
v 29.6 -28.56667 -42
v 29.46667 -28.23333 -42.26667
v 29.2 -28.5 -42.26667
v 31.86667 -29.03333 -42
v 32.06667 -29.06667 -42
v 31.93333 -29.03333 -42.13333
v 32.46667 -29.13333 -41.93333
v 32.06667 -29.06667 -42
v 31.86667 -29.03333 -42
v 29.6 -28.56667 -42
v 29.06667 -28.46667 -42
v 28.13334 -28.3 -41.93333
v 32.46667 -29.13333 -41.93333
v 31.86667 -29.03333 -42
v 29.6 -28.56667 -42
v 28.13334 -28.3 -41.93333
v 21.53333 -28.3 -41
v 21.4 -28.3 -40.86667
v 21.4 -28.3 -40.53333
v 22.73333 -28.3 -40.53333
v 29.93333 -28.63333 -38.8
v 31 -28.83333 -38.8
v 32.46667 -29.13333 -41.93333
v 28.13334 -28.3 -41.93333
v 21.53333 -28.3 -41.93333
v 21.53333 -28.3 -41
v 22.73333 -28.3 -40.53333
v 21.53333 -28.3 -41.93333
v 22.73333 -28.3 -40.53333
v 22.86667 -28.3 -40.4
v 26.4 -28.3 -41.93333
v 28.73333 -28.4 -38.73333
v 29.93333 -28.63333 -38.8
v 22.86667 -28.3 -38.8
v 29.93333 -28.63333 -38.8
v 28.13334 -28.3 -41.93333
v 27.8 -28.3 -41.93333
v 33.33334 -29.26667 -38.8
v 33 -29.26667 -41.93333
v 32.46667 -29.13333 -41.93333
v 31.6 -28.96667 -38.8
v 29.93333 -28.63333 -38.8
v 27.8 -28.3 -41.93333
v 27.33334 -28.3 -41.93333
v 31 -28.83333 -38.8
v 31.6 -28.96667 -38.8
v 32.46667 -29.13333 -41.93333
v 22.86667 -28.3 -38.8
v 29.93333 -28.63333 -38.8
v 27.33334 -28.3 -41.93333
v 26.4 -28.3 -41.93333
v 22.86667 -28.3 -40.4
v 21.66667 -28.3 -36.73333
v 21.53333 -28.3 -36.66667
v 21.66667 -28.23333 -36.53333
v 21.66667 -28.23333 -34.6
v 21.53333 -28.2 -34.53333
v 21.66667 -28.3 -34.13333
v 27.93333 -28.3 -38.46667
v 28.6 -28.06667 -38.46667
v 28.73333 -28.4 -38.73333
v 22.86667 -28.3 -38.8
v 22.73333 -28.3 -38.06667
v 21.66667 -28.3 -38.06667
v 21.66667 -28.3 -36.73333
v 22.73333 -28.3 -38.06667
v 21.66667 -28.3 -36.73333
v 21.66667 -28.23333 -36.53333
v 22.86667 -28.3 -38.2
v 22.73333 -28.3 -38.06667
v 21.66667 -28.23333 -36.53333
v 21.66667 -28.23333 -34.6
v 27.8 -28.3 -38.33333
v 27.93333 -28.3 -38.46667
v 22.86667 -28.3 -38.8
v 22.86667 -28.3 -38.2
v 22.86667 -28.3 -38.2
v 21.66667 -28.23333 -34.6
v 21.66667 -28.3 -34.13333
v 27.8 -28.3 -34.13333
v 27.8 -28.3 -38.33333
v 32.2 -29.03333 -43.4
v 32.33334 -29 -43.26667
v 33 -29.26667 -42.73333
v 34.13334 -30.13333 -50.8
v 33.46667 -29.26667 -38.66667
v 33.33334 -29.16667 -38.26667
v 34.13334 -29.26667 -38.33333
v 33.33334 -29.26667 -38.8
v 33.46667 -29.26667 -38.66667
v 34.13334 -29.26667 -38.33333
v 34.13334 -30.13333 -50.8
v 33.13334 -29.26667 -42.6
v 33.13334 -29.26667 -42.06667
v 39.53334 -29.53333 -45.06667
v 40.4 -29.53333 -45.06667
v 40.4 -29.73333 -46.93333
v 39.26667 -29.73333 -46.93333
v 39.4 -29.46667 -44.46667
v 39.13334 -29.73333 -47.06667
v 37.86667 -30.03333 -49.8
v 34.13334 -30.13333 -50.8
v 34.13334 -29.26667 -38.33333
v 39.6 -29.26667 -39.2
v 39.4 -29.53333 -44.93333
v 39.53334 -29.53333 -45.06667
v 39.26667 -29.73333 -46.93333
v 39.4 -29.53333 -44.93333
v 39.26667 -29.73333 -46.93333
v 39.13334 -29.73333 -47.06667
v 39.4 -29.46667 -44.46667
v 39.6 -29.26667 -39.2
v 39.6 -29.46667 -44.33334
v 39.4 -29.46667 -44.46667
v 39.13334 -29.73333 -47.06667
v 39.13334 -29.9 -48.33334
v 37.86667 -30.03333 -49.8
v 37.86667 -30.13333 -51.2
v 34.26667 -30.13333 -51.2
v 34.13334 -30.13333 -50.8
v 37.86667 -30.03333 -49.8
v 39.26667 -26.76667 -51.2
v 38.4 -26.76667 -51.2
v 38.4 -26.76667 -50.46667
v 39.26667 -30.13333 -51.2
v 38.46667 -30.13333 -51.2
v 38.46667 -30.13333 -50.53333
v 40.6 -30.13333 -51.2
v 40.6 -30.13333 -50.8
v 40.86667 -30.13333 -50.46667
v 45.6 -30.13333 -50.53333
v 45.6 -30.13333 -51.2
v 51.2 -30.13333 -50.53333
v 51.2 -30.13333 -51.2
v 46.06667 -30.13333 -51.2
v 46.06667 -30.13333 -50.53333
v 40.06667 -26.83333 -39.26667
v 40.33334 -26.83333 -39.06667
v 40.73334 -26.83333 -39.06667
v 40.73334 -26.83333 -44.4
v 40.06667 -26.83333 -44.4
v 40.06667 -29.26667 -39.26667
v 40.53334 -29.26667 -39.06667
v 40.53334 -29.46667 -44.33334
v 40.06667 -29.46667 -44.33334
v 39.86667 -29.26667 -37.86667
v 40 -29.26667 -37.93333
v 40 -29.26667 -38.33333
v 39.53334 -29.26667 -38.4
v 34.13334 -29.26667 -37.53333
v 34.13334 -29.26667 -37
v 40.8 -29.26667 -38.33333
v 40.46667 -29.26667 -38.33333
v 40.53334 -29.26667 -37.6
v 40.8 -29.26667 -34.13333
v 40.8 -29.26667 -38.33333
v 40.53334 -29.26667 -37.6
v 40.8 -29.26667 -34.13333
v 40.53334 -29.26667 -37.6
v 40.4 -29.26667 -37.46667
v 34.13334 -29.26667 -36.53333
v 34.13334 -29.26667 -34.13333
v 40.8 -29.26667 -34.13333
v 40.4 -29.26667 -37.46667
v 51.2 -30.13333 -50.53333
v 52.33334 -30.13333 -50.53333
v 52.33334 -30.13333 -51.2
v 51.2 -30.13333 -51.2
v 53.53334 -30.13333 -51.2
v 52.93334 -30.13333 -51.2
v 52.93334 -30.13333 -50.86667
v 53.53334 -30.13333 -50.86667
v 54 -30.13333 -51.2
v 54 -30.13333 -50.53333
v 56.8 -30.13333 -50.6
v 56.8 -30.13333 -51.2
v 61.66667 -30.06667 -50.86667
v 62.2 -30.06667 -50.86667
v 62.2 -30.06667 -51.2
v 61.33334 -30.06667 -50.86667
v 61.66667 -30.06667 -50.86667
v 62.2 -30.06667 -51.2
v 61.33334 -30.06667 -50.86667
v 62.2 -30.06667 -51.2
v 58.53334 -30.06667 -51.2
v 58.53334 -30.06667 -50.86667
v 58.53334 -30.06667 -50.26667
v 61.40001 -30.06667 -50.26667
v 61.2 -30.06667 -50.46667
v 61.2 -30.06667 -50.46667
v 61.33334 -30.06667 -50.86667
v 58.53334 -30.06667 -50.86667
v 58.53334 -30.06667 -50.26667
v 62.2 -30.06667 -50.86667
v 61.66667 -30.06667 -50.86667
v 61.8 -30.06667 -50.73333
v 61.8 -30.06667 -50.4
v 61.66667 -30.06667 -50.26667
v 62.2 -30.06667 -50.26667
v 62.2 -30.06667 -50.26667
v 62.2 -30.06667 -50.86667
v 61.8 -30.06667 -50.73333
v 61.8 -30.06667 -50.4
v 62.2 -30.06667 -47.26667
v 62.2 -30.06667 -50.26667
v 61.66667 -30.06667 -50.26667
v 62.2 -30.06667 -47.26667
v 61.66667 -30.06667 -50.26667
v 61.40001 -30.06667 -50.26667
v 61.40001 -30.06667 -50.26667
v 58.53334 -30.06667 -50.26667
v 58.53334 -30.06667 -47.26667
v 62.2 -30.06667 -47.26667
v -17.06667 -27.9 -26
v -17.06667 -28.13333 -34.13334
v -19.06667 -28.13333 -34.13334
v -19.06667 -27.73333 -26
v -14.53333 -28.13333 -33.06667
v -13.73333 -28.13333 -33.06667
v -13.73333 -28.13333 -34.13334
v 0 -31.33333 -26
v 0 -31.33333 -28.66667
v -6.6 -31.33333 -28.66667
v -6.6 -31.33333 -26
v -14.53333 -28.13333 -32.6
v -14.66667 -28.13333 -32.93333
v -17.06667 -28.13333 -34.13334
v -17.06667 -27.9 -26
v -12.6 -28.13333 -34.13334
v -13.26667 -28.13333 -34.13334
v -13.26667 -28.13333 -32.73333
v -12.4 -28.13333 -34.13334
v -12.6 -28.13333 -34.13334
v -13.26667 -28.13333 -32.73333
v -14.66667 -28.13333 -32.93333
v -14.53333 -28.13333 -33.06667
v -13.73333 -28.13333 -34.13334
v -17.06667 -28.13333 -34.13334
v -13.4 -28.13333 -32.6
v -14.53333 -28.13333 -32.6
v -17.06667 -27.9 -26
v -13.26667 -28.13333 -32.73333
v -13.4 -28.13333 -32.6
v -17.06667 -27.9 -26
v -12.4 -28.13333 -34.13334
v -13.26667 -28.13333 -32.73333
v -17.06667 -27.9 -26
v 0 -27.7 -26
v 0 -28.13333 -34.13334
v 0 -27.7 -26
v 0.6666667 -27.9 -26
v 0.6666667 -28.13333 -34.13334
v 0 -28.13333 -34.13334
v 1.733333 -28.33333 -34.13334
v 4.933333 -28.33333 -30.6
v 5 -28.33333 -33.93333
v 4.866667 -28.33333 -34.13334
v 10.46667 -28.3 -34
v 10.46667 -28.3 -34.13334
v 5.533334 -28.3 -34.13334
v 11.6 -28.3 -33
v 10.46667 -28.3 -34
v 5.533334 -28.3 -34.13334
v 12.26667 -28.3 -32.6
v 11.6 -28.3 -33
v 5.533334 -28.3 -34.13334
v 5.466667 -28.3 -26.66667
v 17.06667 -28.3 -26.66667
v 17.06667 -28.3 -26.66667
v 17.06667 -28.3 -32.6
v 12.26667 -28.3 -32.6
v 13.4 -28.3 -33.66667
v 13.4 -28.3 -33.46667
v 13.73333 -28.3 -33.46667
v 17.06667 -28.3 -33.73333
v 13.86667 -28.3 -33.13334
v 17.06667 -28.3 -33.13334
v 17.06667 -28.3 -33.73333
v 13.73333 -28.3 -33.46667
v 2.866667 -29.06667 -32
v 1.333333 -28.96667 -33.26667
v 1.333333 -28.5 -30.86667
v 1.333333 -28.5 -30.86667
v 1.133333 -28.13333 -30.73334
v 1.133333 -28.1 -28
v 4 -28.8 -29.46667
v 2.866667 -29.06667 -32
v 1.333333 -28.5 -30.86667
v 1.133333 -28.1 -28
v 4.2 -28.66667 -28.66667
v 1.133333 -28.1 -28
v 4.666667 -28.66667 -28
v 4.2 -28.66667 -28.66667
v 17.06667 -27.06667 -26.13334
v 17.06667 -27.06667 -26.2
v 5.466667 -27.06667 -26.2
v 0 -31.33333 -28.66667
v 5.266667 -31.33333 -26.66667
v 5.666667 -31.33333 -26.66667
v 0 -31.33333 -26
v 5.133334 -31.33333 -26.53333
v 5.266667 -31.33333 -26.66667
v 0 -31.33333 -28.66667
v 5 -28.33333 -27.6
v 4.933333 -28.33333 -28.06667
v 4.666667 -28.66667 -28
v 3.266667 -28.4 -27.6
v 1.133333 -28.1 -28
v 1.133333 -28.06667 -27.6
v 3 -28.36666 -27.6
v 4.666667 -28.66667 -28
v 3 -28.36666 -27.6
v 3.266667 -28.4 -27.6
v 4.666667 -28.66667 -28
v 1.133333 -28.03333 -26.6
v 1.666667 -27.8 -26.6
v 1.533333 -28.1 -26.93333
v 1.133333 -28.06667 -27.6
v 1.133333 -28.03333 -26.6
v 1.533333 -28.1 -26.93333
v 1.866667 -28.16667 -27.26667
v 1.866667 -28.16667 -27.26667
v 3 -28.36666 -27.6
v 1.133333 -28.06667 -27.6
v 5 -28.33333 -27.6
v 3.266667 -28.4 -27.6
v 4.4 -28.5 -26.66667
v 5 -28.33333 -26.66667
v 3.733334 -27.7 -26.6
v 3.333333 -27.63333 -27
v 2.866667 -27.63333 -27.06667
v 2.133333 -27.7 -26.86667
v 1.866667 -27.76667 -26.6
v 5.666667 -31.33333 -26.66667
v 7.466667 -31.33333 -26.53333
v 12.4 -31.36667 -26.53333
v 17.06667 -31.36667 -28.66667
v 0 -31.33333 -28.66667
v 13.33333 -31.36667 -26.53333
v 12.6 -31.36667 -26.53333
v 12.8 -31.36667 -26.33334
v 13.13333 -31.36667 -26.13334
v 12.8 -31.36667 -26.33334
v 12.8 -31.36667 -26.13334
v 13.13333 -31.36667 -26.13334
v 5.666667 -31.33333 -26.66667
v 6.266667 -31.33333 -26.46667
v 6.533334 -31.33333 -26.53333
v 5.666667 -31.33333 -26.66667
v 6.533334 -31.33333 -26.53333
v 7.266667 -31.33333 -26.53333
v 5.666667 -31.33333 -26.66667
v 7.266667 -31.33333 -26.53333
v 7.466667 -31.33333 -26.53333
v 0 -31.33333 -26
v 4.933333 -31.33333 -26.13334
v 5.133334 -31.33333 -26.53333
v 0 -31.33333 -26
v 4.866667 -31.33333 -26
v 4.933333 -31.33333 -26.13334
v 4.933333 -31.33333 -26.13334
v 5.266667 -31.33333 -26.13334
v 5.133334 -31.33333 -26.53333
v 12.4 -31.36667 -26.53333
v 7.466667 -31.33333 -26.53333
v 7.6 -31.33333 -26.13334
v 12.26667 -31.36667 -26.13334
v 6.533334 -31.33333 -26.53333
v 6.8 -31.33333 -26.13334
v 7.066667 -31.33333 -26.33334
v 7.266667 -31.33333 -26.53333
v 4.2 -27.66667 -26
v 4 -27.73333 -26.46667
v 3.733334 -27.7 -26.6
v 1.866667 -27.76667 -26.6
v 1.133333 -28.03333 -26
v 1.666667 -27.8 -26.6
v 1.133333 -28.03333 -26.6
v 1.133333 -28.03333 -26
v 1.866667 -27.76667 -26.6
v 1.666667 -27.8 -26.6
v 1.133333 -28.03333 -26
v 6.8 -31.33333 -26.13334
v 7.066667 -31.33333 -26.13334
v 7.066667 -31.33333 -26.33334
v 12.4 -31.36667 -26.53333
v 12.6 -31.36667 -26.53333
v 17.06667 -31.36667 -28.66667
v 13.33333 -31.36667 -26.53333
v 13.53333 -31.36667 -26.53333
v 17.06667 -31.36667 -28.66667
v 12.6 -31.36667 -26.53333
v 13.33333 -31.36667 -26.53333
v 17.06667 -31.36667 -28.66667
v 13.53333 -31.36667 -26.53333
v 13.66667 -31.36667 -26.13334
v 17.06667 -31.36667 -26.13334
v 17.06667 -31.36667 -28.66667
v 21.66667 -28.3 -33.13334
v 21.46667 -28.3 -33
v 21.33333 -28.3 -32.6
v 25.26667 -28.3 -28.66667
v 25.26667 -28.3 -33.33334
v 25.4 -28.3 -33.46667
v 27.8 -28.3 -33.46667
v 27.8 -28.3 -34.13334
v 21.66667 -28.3 -34.13334
v 27.8 -28.3 -26.66667
v 27.8 -28.3 -28.53333
v 25.4 -28.3 -28.53333
v 17.06667 -28.3 -26.66667
v 21.33333 -28.3 -32.6
v 17.06667 -28.3 -32.6
v 17.06667 -28.3 -26.66667
v 25.26667 -28.3 -28.66667
v 25.26667 -28.3 -33.33334
v 25.4 -28.3 -33.46667
v 21.66667 -28.3 -34.13334
v 21.66667 -28.3 -33.13334
v 17.06667 -28.3 -26.66667
v 25.4 -28.3 -28.53333
v 25.26667 -28.3 -28.66667
v 34.13334 -29.26667 -26
v 34.13334 -29.26667 -34.13334
v 33.33334 -29.26667 -34.13334
v 33.26667 -29.26667 -26
v 17.06667 -28.3 -33.13334
v 20.4 -28.3 -33.13334
v 20.4 -28.3 -33.73333
v 17.06667 -28.3 -33.73333
v 25.73333 -28.3 -33
v 25.73333 -28.3 -29
v 27.8 -28.3 -29
v 27.8 -28.3 -33
v 27.8 -31.36667 -27.8
v 27.8 -31.36667 -28.53333
v 25.4 -31.36667 -28.53333
v 23.33333 -31.36667 -27.8
v 17.06667 -27.06667 -26.13334
v 27.73333 -26.93333 -26.2
v 17.06667 -27.06667 -26.2
v 23.33333 -31.36667 -27.8
v 25.4 -31.36667 -28.53333
v 25.33334 -31.36667 -28.66667
v 23.06667 -31.36667 -27.8
v 23 -31 -26.53333
v 23.13334 -30.93333 -26.6
v 23.13334 -30.93333 -26.93333
v 22.8 -31.36667 -27.06667
v 19.53333 -31.36667 -26.53333
v 19.53333 -31.36667 -26.53333
v 22.8 -31.36667 -27.06667
v 22.8 -31.36667 -27.4
v 23 -31 -26.53333
v 19.53333 -31.36667 -26.53333
v 19.66667 -31.36667 -26.13334
v 23 -31 -26.13334
v 18.6 -31.36667 -26.53333
v 18.8 -31.36667 -26.13334
v 19.13334 -31.36667 -26.33334
v 19.33333 -31.36667 -26.53333
v 18.8 -31.36667 -26.13334
v 19.13334 -31.36667 -26.13334
v 19.13334 -31.36667 -26.33334
v 19.53333 -31.36667 -26.53333
v 22.8 -31.36667 -27.4
v 23.06667 -31.36667 -27.8
v 27.4 -31.36667 -26.93333
v 27.8 -31.36667 -26.93333
v 27.8 -31.36667 -27.8
v 26.73333 -31.36667 -26.93333
v 27.4 -31.36667 -26.93333
v 27.8 -31.36667 -27.8
v 23.33333 -31.36667 -27.8
v 24.8 -31.36667 -27.4
v 24.8 -31.36667 -27.4
v 25.33334 -31.36667 -26.93333
v 26.73333 -31.36667 -26.93333
v 26.73333 -31.36667 -26.93333
v 25.33334 -31.36667 -26.93333
v 25.66667 -31.36667 -26.4
v 27.8 -31.36667 -26.93333
v 27.4 -31.36667 -26.93333
v 27.53333 -31.36667 -26.53333
v 27.8 -31.36667 -26.13334
v 27.53333 -31.36667 -26.53333
v 27.13334 -31.36667 -26.26667
v 27.13334 -31.36667 -26.13334
v 27.8 -31.36667 -26.13334
v 17.06667 -31.36667 -28.66667
v 19.33333 -31.36667 -26.53333
v 19.53333 -31.36667 -26.53333
v 23.06667 -31.36667 -27.8
v 25.33334 -31.36667 -28.66667
v 17.06667 -31.36667 -28.66667
v 18.4 -31.36667 -26.53333
v 18.6 -31.36667 -26.53333
v 17.06667 -31.36667 -28.66667
v 18.6 -31.36667 -26.53333
v 19.33333 -31.36667 -26.53333
v 17.06667 -31.36667 -26.13334
v 18.26667 -31.36667 -26.13334
v 18.4 -31.36667 -26.53333
v 17.06667 -31.36667 -28.66667
v 38.13334 -29.26667 -31.86667
v 40.8 -29.26667 -31.86667
v 40.8 -29.26667 -34.13334
v 34.13334 -29.26667 -34.13334
v 34.13334 -29.26667 -26
v 38 -29.26667 -26
v 38 -29.26667 -31.73334
v 34.13334 -29.26667 -34.13334
v 38 -29.26667 -31.73334
v 38.13334 -29.26667 -31.86667
v 34.13334 -29.26667 -34.13334
v 38.46667 -29.26667 -31.4
v 38.46667 -29.26667 -26
v 40.8 -29.26667 -26
v 40.8 -29.26667 -31.4
f 1 2 3
f 1 3 4
f 5 6 7
f 5 7 8
f 9 10 11
f 9 11 12
f 13 14 15
f 16 17 18
f 16 18 19
f 20 21 22
f 20 22 23
f 20 23 24
f 25 26 27
f 28 29 30
f 28 30 31
f 28 31 32
f 33 34 35
f 36 37 38
f 39 40 41
f 39 41 42
f 43 44 45
f 43 45 46
f 47 48 49
f 47 49 50
f 47 50 51
f 52 53 54
f 55 56 57
f 58 59 60
f 61 62 63
f 64 65 66
f 67 68 69
f 67 69 70
f 71 72 73
f 74 75 76
f 74 76 77
f 78 79 80
f 78 80 81
f 82 83 84
f 82 84 85
f 86 87 88
f 89 90 91
f 92 93 94
f 92 94 95
f 92 95 96
f 92 96 97
f 98 99 100
f 101 102 103
f 104 105 106
f 107 108 109
f 107 109 110
f 111 112 113
f 114 115 116
f 117 118 119
f 117 119 120
f 117 120 121
f 122 123 124
f 125 126 127
f 125 127 128
f 129 130 131
f 129 131 132
f 129 132 133
f 134 135 136
f 137 138 139
f 140 141 142
f 143 144 145
f 146 147 148
f 149 150 151
f 149 151 152
f 149 152 153
f 154 155 156
f 154 156 157
f 158 159 160
f 158 160 161
f 162 163 164
f 162 164 165
f 162 165 166
f 167 168 169
f 167 169 170
f 167 170 171
f 172 173 174
f 172 174 175
f 176 177 178
f 176 178 179
f 180 181 182
f 180 182 183
f 184 185 186
f 187 188 189
f 190 191 192
f 193 194 195
f 193 195 196
f 193 196 197
f 198 199 200
f 198 200 201
f 202 203 204
f 205 206 207
f 205 207 208
f 205 208 209
f 210 211 212
f 213 214 215
f 213 215 216
f 217 218 219
f 217 219 220
f 221 222 223
f 221 223 224
f 225 226 227
f 225 227 228
f 225 228 229
f 230 231 232
f 233 234 235
f 236 237 238
f 236 238 239
f 240 241 242
f 240 242 243
f 244 245 246
f 247 248 249
f 247 249 250
f 251 252 253
f 251 253 254
f 255 256 257
f 255 257 258
f 259 260 261
f 262 263 264
f 265 266 267
f 268 269 270
f 268 270 271
f 272 273 274
f 272 274 275
f 276 277 278
f 279 280 281
f 279 281 282
f 283 284 285
f 283 285 286
f 287 288 289
f 287 289 290
f 287 290 291
f 292 293 294
f 295 296 297
f 295 297 298
f 299 300 301
f 302 303 304
f 305 306 307
f 305 307 308
f 309 310 311
f 309 311 312
f 313 314 315
f 316 317 318
f 316 318 319
f 316 319 320
f 321 322 323
f 324 325 326
f 327 328 329
f 330 331 332
f 333 334 335
f 333 335 336
f 333 336 337
f 338 339 340
f 338 340 341
f 338 341 342
f 338 342 343
f 344 345 346
f 344 346 347
f 348 349 350
f 351 352 353
f 351 353 354
f 355 356 357
f 358 359 360
f 358 360 361
f 358 361 362
f 358 362 363
f 364 365 366
f 364 366 367
f 364 367 368
f 369 370 371
f 369 371 372
f 373 374 375
f 376 377 378
f 376 378 379
f 380 381 382
f 383 384 385
f 383 385 386
f 387 388 389
f 390 391 392
f 393 394 395
f 393 395 396
f 393 396 397
f 393 397 398
f 399 400 401
f 399 401 402
f 403 404 405
f 403 405 406
f 407 408 409
f 407 409 410
f 411 412 413
f 414 415 416
f 414 416 417
f 414 417 418
f 414 418 419
f 420 421 422
f 423 424 425
f 426 427 428
f 426 428 429
f 430 431 432
f 430 432 433
f 430 433 434
f 435 436 437
f 438 439 440
f 438 440 441
f 442 443 444
f 445 446 447
f 445 447 448
f 449 450 451
f 449 451 452
f 449 452 453
f 449 453 454
f 455 456 457
f 458 459 460
f 461 462 463
f 464 465 466
f 467 468 469
f 467 469 470
f 471 472 473
f 471 473 474
f 475 476 477
f 475 477 478
f 479 480 481
f 482 483 484
f 485 486 487
f 485 487 488
f 489 490 491
f 492 493 494
f 492 494 495
f 496 497 498
f 499 500 501
f 502 503 504
f 502 504 505
f 506 507 508
f 506 508 509
f 510 511 512
f 513 514 515
f 516 517 518
f 519 520 521
f 522 523 524
f 522 524 525
f 526 527 528
f 526 528 529
f 530 531 532
f 530 532 533
f 534 535 536
f 534 536 537
f 538 539 540
f 538 540 541
f 538 541 542
f 543 544 545
f 543 545 546
f 543 546 547
f 548 549 550
f 551 552 553
f 551 553 554
f 551 554 555
f 551 555 556
f 557 558 559
f 560 561 562
f 563 564 565
f 566 567 568
f 566 568 569
f 570 571 572
f 570 572 573
f 574 575 576
f 577 578 579
f 577 579 580
f 581 582 583
f 584 585 586
f 584 586 587
f 588 589 590
f 588 590 591
f 588 591 592
f 593 594 595
f 593 595 596
f 593 596 597
f 598 599 600
f 601 602 603
f 601 603 604
f 601 604 605
f 601 605 606
f 607 608 609
f 610 611 612
f 613 614 615
f 613 615 616
f 617 618 619
f 617 619 620
f 621 622 623
f 624 625 626
f 624 626 627
f 628 629 630
f 628 630 631
f 632 633 634
f 632 634 635
f 632 635 636
f 637 638 639
f 637 639 640
f 637 640 641
f 642 643 644
f 645 646 647
f 648 649 650
f 648 650 651
f 652 653 654
f 655 656 657
f 655 657 658
f 655 658 659
f 660 661 662
f 660 662 663
f 664 665 666
f 667 668 669
f 667 669 670
f 671 672 673
f 674 675 676
f 674 676 677
f 678 679 680
f 678 680 681
f 682 683 684
f 685 686 687
f 685 687 688
f 689 690 691
f 689 691 692
f 693 694 695
f 696 697 698
f 696 698 699
f 700 701 702
f 700 702 703
f 704 705 706
f 707 708 709
f 707 709 710
f 707 710 711
f 712 713 714
f 715 716 717
f 715 717 718
f 715 718 719
f 715 719 720
f 721 722 723
f 724 725 726
f 724 726 727
f 724 727 728
f 729 730 731
f 729 731 732
f 733 734 735
f 736 737 738
f 739 740 741
f 742 743 744
f 742 744 745
f 746 747 748
f 749 750 751
f 749 751 752
f 749 752 753
f 754 755 756
f 757 758 759
f 760 761 762
f 760 762 763
f 764 765 766
f 767 768 769
f 767 769 770
f 771 772 773
f 771 773 774
f 775 776 777
f 775 777 778
f 779 780 781
f 779 781 782
f 783 784 785
f 783 785 786
f 787 788 789
f 787 789 790
f 791 792 793
f 794 795 796
f 797 798 799
f 800 801 802
f 800 802 803
f 804 805 806
f 804 806 807
f 808 809 810
f 811 812 813
f 814 815 816
f 814 816 817
f 814 817 818
f 819 820 821
f 822 823 824
f 822 824 825
f 822 825 826
f 822 826 827
f 828 829 830
f 831 832 833
f 831 833 834
f 831 834 835
f 836 837 838
f 839 840 841
f 839 841 842
f 839 842 843
f 844 845 846
f 844 846 847
f 848 849 850
f 848 850 851
f 848 851 852
f 853 854 855
f 856 857 858
f 859 860 861
f 859 861 862
f 863 864 865
f 863 865 866
f 867 868 869
f 867 869 870
f 871 872 873
f 874 875 876
f 877 878 879
f 877 879 880
f 881 882 883
f 881 883 884
f 885 886 887
f 885 887 888
f 889 890 891
f 892 893 894
f 892 894 895
f 892 895 896
f 897 898 899
f 900 901 902
f 903 904 905
f 903 905 906
f 907 908 909
f 907 909 910
f 911 912 913
f 911 913 914
f 915 916 917
f 918 919 920
f 921 922 923
f 924 925 926
f 924 926 927
f 928 929 930
f 931 932 933
f 934 935 936
f 937 938 939
f 940 941 942
f 940 942 943
f 944 945 946
f 947 948 949
f 950 951 952
f 953 954 955
f 953 955 956
f 953 956 957
f 958 959 960
f 961 962 963
f 964 965 966
f 964 966 967
f 964 967 968
f 964 968 969
f 970 971 972
f 973 974 975
f 973 975 976
f 977 978 979
f 980 981 982
f 980 982 983
f 984 985 986
f 987 988 989
f 987 989 990
f 987 990 991
f 992 993 994
f 992 994 995
f 992 995 996
f 992 996 997
f 998 999 1000
f 1001 1002 1003
f 1001 1003 1004
f 1005 1006 1007
f 1005 1007 1008
f 1005 1008 1009
f 1010 1011 1012
f 1013 1014 1015
f 1016 1017 1018
f 1019 1020 1021
f 1019 1021 1022
f 1019 1022 1023
f 1019 1023 1024
f 1025 1026 1027
f 1028 1029 1030
f 1028 1030 1031
f 1032 1033 1034
f 1035 1036 1037
f 1035 1037 1038
f 1039 1040 1041
f 1042 1043 1044
f 1042 1044 1045
f 1046 1047 1048
f 1046 1048 1049
f 1050 1051 1052
f 1050 1052 1053
f 1054 1055 1056
f 1054 1056 1057
f 1054 1057 1058
f 1054 1058 1059
f 1060 1061 1062
f 1060 1062 1063
f 1064 1065 1066
f 1067 1068 1069
f 1067 1069 1070
f 1071 1072 1073
f 1071 1073 1074
f 1071 1074 1075
f 1076 1077 1078
f 1079 1080 1081
f 1079 1081 1082
f 1083 1084 1085
f 1086 1087 1088
f 1086 1088 1089
f 1090 1091 1092
f 1090 1092 1093
f 1090 1093 1094
f 1095 1096 1097
f 1098 1099 1100
f 1098 1100 1101
f 1102 1103 1104
f 1102 1104 1105
f 1106 1107 1108
f 1106 1108 1109
f 1110 1111 1112
f 1113 1114 1115
f 1116 1117 1118
f 1116 1118 1119
f 1116 1119 1120
f 1121 1122 1123
f 1121 1123 1124
f 1125 1126 1127
f 1128 1129 1130
f 1128 1130 1131
f 1128 1131 1132
f 1133 1134 1135
f 1136 1137 1138
f 1136 1138 1139
f 1136 1139 1140
f 1141 1142 1143
f 1141 1143 1144
f 1141 1144 1145
f 1146 1147 1148
f 1149 1150 1151
f 1152 1153 1154
f 1155 1156 1157
f 1158 1159 1160
f 1161 1162 1163
f 1164 1165 1166
f 1167 1168 1169
f 1170 1171 1172
f 1170 1172 1173
f 1174 1175 1176
f 1177 1178 1179
f 1177 1179 1180
f 1181 1182 1183
f 1184 1185 1186
f 1187 1188 1189
f 1187 1189 1190
f 1187 1190 1191
f 1192 1193 1194
f 1192 1194 1195
f 1192 1195 1196
f 1197 1198 1199
f 1197 1199 1200
f 1201 1202 1203
f 1201 1203 1204
f 1205 1206 1207
f 1205 1207 1208
f 1209 1210 1211
f 1209 1211 1212
f 1209 1212 1213
f 1214 1215 1216
f 1217 1218 1219
f 1217 1219 1220
f 1221 1222 1223
f 1224 1225 1226
f 1224 1226 1227
f 1228 1229 1230
f 1231 1232 1233
f 1231 1233 1234
f 1235 1236 1237
f 1235 1237 1238
f 1239 1240 1241
f 1242 1243 1244
f 1245 1246 1247
f 1245 1247 1248
f 1245 1248 1249
f 1245 1249 1250
f 1251 1252 1253
f 1254 1255 1256
f 1254 1256 1257
f 1258 1259 1260
f 1258 1260 1261
f 1262 1263 1264
f 1265 1266 1267
f 1265 1267 1268
f 1269 1270 1271
f 1269 1271 1272
f 1273 1274 1275
f 1276 1277 1278
f 1276 1278 1279
f 1276 1279 1280
f 1281 1282 1283
f 1284 1285 1286
f 1284 1286 1287
f 1288 1289 1290
f 1288 1290 1291
f 1292 1293 1294
f 1292 1294 1295
f 1296 1297 1298
f 1296 1298 1299
f 1300 1301 1302
f 1303 1304 1305
f 1306 1307 1308
f 1306 1308 1309
f 1310 1311 1312
f 1313 1314 1315
f 1316 1317 1318
f 1316 1318 1319
f 1316 1319 1320
f 1316 1320 1321
f 1322 1323 1324
f 1322 1324 1325
f 1322 1325 1326
f 1327 1328 1329
f 1327 1329 1330
f 1327 1330 1331
f 1332 1333 1334
f 1332 1334 1335
f 1336 1337 1338
f 1336 1338 1339
f 1340 1341 1342
f 1340 1342 1343
f 1340 1343 1344
f 1345 1346 1347
f 1348 1349 1350
f 1348 1350 1351
f 1352 1353 1354
f 1352 1354 1355
f 1352 1355 1356
f 1352 1356 1357
f 1358 1359 1360
f 1361 1362 1363
f 1364 1365 1366
f 1364 1366 1367
f 1368 1369 1370
f 1368 1370 1371
f 1372 1373 1374
f 1375 1376 1377
f 1375 1377 1378
f 1379 1380 1381
f 1379 1381 1382
f 1379 1382 1383
f 1379 1383 1384
f 1385 1386 1387
f 1385 1387 1388
f 1389 1390 1391
f 1389 1391 1392
f 1393 1394 1395
f 1396 1397 1398
f 1396 1398 1399
f 1400 1401 1402
f 1400 1402 1403
f 1404 1405 1406
f 1404 1406 1407
f 1408 1409 1410
f 1411 1412 1413
f 1411 1413 1414
f 1415 1416 1417
f 1415 1417 1418
f 1419 1420 1421
f 1419 1421 1422
f 1423 1424 1425
f 1423 1425 1426
f 1427 1428 1429
f 1427 1429 1430
f 1431 1432 1433
f 1434 1435 1436
f 1437 1438 1439
f 1437 1439 1440
f 1441 1442 1443
f 1441 1443 1444
f 1445 1446 1447
f 1448 1449 1450
f 1448 1450 1451
f 1452 1453 1454
f 1455 1456 1457
f 1455 1457 1458
f 1455 1458 1459
f 1455 1459 1460
f 1461 1462 1463
f 1461 1463 1464
f 1465 1466 1467
f 1465 1467 1468
f 1469 1470 1471
f 1472 1473 1474
f 1472 1474 1475
f 1476 1477 1478
f 1479 1480 1481
f 1479 1481 1482
f 1479 1482 1483
f 1484 1485 1486
f 1484 1486 1487
f 1484 1487 1488
f 1489 1490 1491
f 1492 1493 1494
f 1492 1494 1495
f 1496 1497 1498
f 1499 1500 1501
f 1499 1501 1502
f 1499 1502 1503
f 1504 1505 1506
f 1507 1508 1509
f 1507 1509 1510
f 1511 1512 1513
f 1511 1513 1514
f 1511 1514 1515
f 1516 1517 1518
f 1516 1518 1519
f 1516 1519 1520
f 1521 1522 1523
f 1521 1523 1524
f 1525 1526 1527
f 1525 1527 1528
f 1529 1530 1531
f 1532 1533 1534
f 1532 1534 1535
f 1536 1537 1538
f 1539 1540 1541
f 1542 1543 1544
f 1542 1544 1545
f 1546 1547 1548
f 1546 1548 1549
f 1550 1551 1552
f 1550 1552 1553
f 1554 1555 1556
f 1554 1556 1557
f 1558 1559 1560
f 1561 1562 1563
f 1564 1565 1566
f 1567 1568 1569
f 1567 1569 1570
f 1567 1570 1571
f 1567 1571 1572
f 1573 1574 1575
f 1576 1577 1578
f 1576 1578 1579
f 1580 1581 1582
f 1580 1582 1583
f 1584 1585 1586
f 1587 1588 1589
f 1590 1591 1592
f 1590 1592 1593
f 1594 1595 1596
f 1594 1596 1597
f 1598 1599 1600
f 1601 1602 1603
f 1604 1605 1606
f 1604 1606 1607
f 1604 1607 1608
f 1609 1610 1611
f 1612 1613 1614
f 1615 1616 1617
f 1615 1617 1618
f 1619 1620 1621
f 1619 1621 1622
f 1623 1624 1625
f 1623 1625 1626
f 1627 1628 1629
f 1630 1631 1632
f 1633 1634 1635
f 1636 1637 1638
f 1636 1638 1639
f 1640 1641 1642
f 1643 1644 1645
f 1646 1647 1648
f 1649 1650 1651
f 1652 1653 1654
f 1652 1654 1655
f 1656 1657 1658
f 1659 1660 1661
f 1659 1661 1662
f 1663 1664 1665
f 1666 1667 1668
f 1669 1670 1671
f 1672 1673 1674
f 1675 1676 1677
f 1678 1679 1680
f 1681 1682 1683
f 1681 1683 1684
f 1685 1686 1687
f 1685 1687 1688
f 1685 1688 1689
f 1690 1691 1692
f 1690 1692 1693
f 1694 1695 1696
f 1697 1698 1699
f 1700 1701 1702
f 1703 1704 1705
f 1703 1705 1706
f 1703 1706 1707
f 1703 1707 1708
f 1709 1710 1711
f 1712 1713 1714
f 1715 1716 1717
f 1715 1717 1718
f 1715 1718 1719
f 1720 1721 1722
f 1723 1724 1725
f 1723 1725 1726
f 1723 1726 1727
f 1728 1729 1730
f 1731 1732 1733
f 1731 1733 1734
f 1735 1736 1737
f 1738 1739 1740
f 1741 1742 1743
f 1741 1743 1744
f 1741 1744 1745
f 1746 1747 1748
f 1746 1748 1749
f 1750 1751 1752
f 1753 1754 1755
f 1753 1755 1756
f 1753 1756 1757
f 1753 1757 1758
f 1759 1760 1761
f 1759 1761 1762
f 1759 1762 1763
f 1764 1765 1766
f 1764 1766 1767
f 1768 1769 1770
f 1768 1770 1771
f 1772 1773 1774
f 1775 1776 1777
f 1775 1777 1778
f 1779 1780 1781
f 1779 1781 1782
f 1779 1782 1783
f 1784 1785 1786
f 1787 1788 1789
f 1790 1791 1792
f 1790 1792 1793
f 1794 1795 1796
f 1797 1798 1799
f 1800 1801 1802
f 1800 1802 1803
f 1804 1805 1806
f 1804 1806 1807
f 1808 1809 1810
f 1811 1812 1813
f 1814 1815 1816
f 1814 1816 1817
f 1814 1817 1818
f 1819 1820 1821
f 1819 1821 1822
f 1823 1824 1825
f 1826 1827 1828
f 1826 1828 1829
f 1830 1831 1832
f 1830 1832 1833
f 1834 1835 1836
f 1834 1836 1837
f 1838 1839 1840
f 1838 1840 1841
f 1842 1843 1844
f 1842 1844 1845
f 1846 1847 1848
f 1846 1848 1849
f 1850 1851 1852
f 1853 1854 1855
f 1856 1857 1858
f 1859 1860 1861
f 1859 1861 1862
f 1863 1864 1865
f 1863 1865 1866
f 1867 1868 1869
f 1870 1871 1872
f 1873 1874 1875
f 1873 1875 1876
f 1877 1878 1879
f 1880 1881 1882
f 1880 1882 1883
f 1880 1883 1884
f 1885 1886 1887
f 1885 1887 1888
f 1889 1890 1891
f 1892 1893 1894
f 1892 1894 1895
f 1896 1897 1898
f 1899 1900 1901
f 1899 1901 1902
f 1903 1904 1905
f 1903 1905 1906
f 1907 1908 1909
f 1910 1911 1912
f 1913 1914 1915
f 1916 1917 1918
f 1919 1920 1921
f 1922 1923 1924
f 1922 1924 1925
f 1926 1927 1928
f 1929 1930 1931
f 1929 1931 1932
f 1933 1934 1935
f 1936 1937 1938
f 1936 1938 1939
f 1936 1939 1940
f 1936 1940 1941
f 1942 1943 1944
f 1942 1944 1945
f 1946 1947 1948
f 1949 1950 1951
f 1952 1953 1954
f 1952 1954 1955
f 1952 1955 1956
f 1957 1958 1959
f 1960 1961 1962
f 1963 1964 1965
f 1963 1965 1966
f 1963 1966 1967
f 1963 1967 1968
f 1969 1970 1971
f 1972 1973 1974
f 1972 1974 1975
f 1976 1977 1978
f 1976 1978 1979
f 1980 1981 1982
f 1980 1982 1983
f 1984 1985 1986
f 1987 1988 1989
f 1990 1991 1992
f 1990 1992 1993
f 1990 1993 1994
f 1995 1996 1997
f 1998 1999 2000
f 1998 2000 2001
f 1998 2001 2002
f 1998 2002 2003
f 2004 2005 2006
f 2007 2008 2009
f 2010 2011 2012
f 2010 2012 2013
f 2014 2015 2016
f 2017 2018 2019
f 2020 2021 2022
f 2023 2024 2025
f 2023 2025 2026
f 2027 2028 2029
f 2030 2031 2032
f 2033 2034 2035
f 2036 2037 2038
f 2039 2040 2041
f 2039 2041 2042
f 2039 2042 2043
f 2044 2045 2046
f 2047 2048 2049
f 2047 2049 2050
f 2047 2050 2051
f 2052 2053 2054
f 2052 2054 2055
f 2056 2057 2058
f 2059 2060 2061
f 2059 2061 2062
f 2059 2062 2063
f 2064 2065 2066
f 2067 2068 2069
f 2070 2071 2072
f 2070 2072 2073
f 2074 2075 2076
f 2077 2078 2079
f 2077 2079 2080
f 2077 2080 2081
f 2082 2083 2084
f 2085 2086 2087
f 2088 2089 2090
f 2088 2090 2091
f 2088 2091 2092
f 2088 2092 2093
f 2094 2095 2096
f 2097 2098 2099
f 2100 2101 2102
f 2103 2104 2105
f 2103 2105 2106
f 2107 2108 2109
f 2110 2111 2112
f 2110 2112 2113
f 2114 2115 2116
f 2114 2116 2117
f 2118 2119 2120
f 2118 2120 2121
f 2118 2121 2122
f 2123 2124 2125
f 2126 2127 2128
f 2129 2130 2131
f 2129 2131 2132
f 2133 2134 2135
f 2133 2135 2136
f 2133 2136 2137
f 2138 2139 2140
f 2141 2142 2143
f 2144 2145 2146
f 2147 2148 2149
f 2150 2151 2152
f 2153 2154 2155
f 2153 2155 2156
f 2153 2156 2157
f 2158 2159 2160
f 2158 2160 2161
f 2162 2163 2164
f 2162 2164 2165
f 2166 2167 2168
f 2169 2170 2171
f 2172 2173 2174
f 2172 2174 2175
f 2176 2177 2178
f 2179 2180 2181
f 2179 2181 2182
f 2183 2184 2185
f 2183 2185 2186
f 2187 2188 2189
f 2187 2189 2190
f 2191 2192 2193
f 2191 2193 2194
f 2195 2196 2197
f 2195 2197 2198
f 2199 2200 2201
f 2202 2203 2204
f 2205 2206 2207
f 2208 2209 2210
f 2208 2210 2211
f 2212 2213 2214
f 2215 2216 2217
f 2218 2219 2220
f 2221 2222 2223
f 2221 2223 2224
f 2225 2226 2227
f 2228 2229 2230
f 2228 2230 2231
f 2232 2233 2234
f 2235 2236 2237
f 2238 2239 2240
f 2241 2242 2243
f 2241 2243 2244
f 2245 2246 2247
f 2245 2247 2248
f 2245 2248 2249
f 2250 2251 2252
f 2253 2254 2255
f 2253 2255 2256
f 2257 2258 2259
f 2257 2259 2260
f 2261 2262 2263
f 2261 2263 2264
f 2265 2266 2267
f 2265 2267 2268
f 2269 2270 2271
f 2272 2273 2274
f 2272 2274 2275
f 2276 2277 2278
f 2279 2280 2281
f 2279 2281 2282
f 2279 2282 2283
f 2279 2283 2284
f 2285 2286 2287
f 2285 2287 2288
f 2285 2288 2289
f 2290 2291 2292
f 2290 2292 2293
f 2294 2295 2296
f 2294 2296 2297
f 2298 2299 2300
f 2298 2300 2301
f 2302 2303 2304
f 2302 2304 2305
f 2306 2307 2308
f 2309 2310 2311
f 2312 2313 2314
f 2315 2316 2317
f 2318 2319 2320
f 2321 2322 2323
f 2321 2323 2324
f 2325 2326 2327
f 2328 2329 2330
f 2328 2330 2331
f 2332 2333 2334
f 2332 2334 2335
f 2336 2337 2338
f 2336 2338 2339
f 2340 2341 2342
f 2343 2344 2345
f 2343 2345 2346
f 2347 2348 2349
f 2350 2351 2352
f 2353 2354 2355
f 2353 2355 2356
f 2353 2356 2357
f 2358 2359 2360
f 2361 2362 2363
f 2361 2363 2364
f 2365 2366 2367
f 2368 2369 2370
f 2368 2370 2371
f 2368 2371 2372
f 2368 2372 2373
f 2374 2375 2376
f 2377 2378 2379
f 2380 2381 2382
f 2383 2384 2385
f 2386 2387 2388
f 2389 2390 2391
f 2389 2391 2392
f 2393 2394 2395
f 2393 2395 2396
f 2397 2398 2399
f 2397 2399 2400
f 2401 2402 2403
f 2401 2403 2404
f 2405 2406 2407
f 2405 2407 2408
f 2409 2410 2411
f 2409 2411 2412
f 2413 2414 2415
f 2416 2417 2418
f 2416 2418 2419
f 2416 2419 2420
f 2421 2422 2423
f 2424 2425 2426
f 2427 2428 2429
f 2430 2431 2432
f 2430 2432 2433
f 2434 2435 2436
f 2437 2438 2439
f 2440 2441 2442
f 2440 2442 2443
f 2440 2443 2444
f 2445 2446 2447
f 2448 2449 2450
f 2451 2452 2453
f 2454 2455 2456
f 2457 2458 2459
f 2460 2461 2462
f 2463 2464 2465
f 2463 2465 2466
f 2467 2468 2469
f 2470 2471 2472
f 2473 2474 2475
f 2473 2475 2476
f 2477 2478 2479
f 2477 2479 2480
f 2481 2482 2483
f 2481 2483 2484
f 2485 2486 2487
f 2485 2487 2488
f 2489 2490 2491
f 2492 2493 2494
f 2492 2494 2495
f 2492 2495 2496
f 2497 2498 2499
f 2500 2501 2502
f 2500 2502 2503
f 2504 2505 2506
f 2507 2508 2509
f 2507 2509 2510
f 2507 2510 2511
f 2512 2513 2514
f 2512 2514 2515
f 2516 2517 2518
f 2516 2518 2519
f 2520 2521 2522
f 2520 2522 2523
f 2524 2525 2526
f 2524 2526 2527
f 2528 2529 2530
f 2531 2532 2533
f 2531 2533 2534
f 2535 2536 2537
f 2538 2539 2540
f 2538 2540 2541
f 2538 2541 2542
f 2543 2544 2545
f 2543 2545 2546
f 2547 2548 2549
f 2547 2549 2550
f 2551 2552 2553
f 2554 2555 2556
f 2557 2558 2559
f 2557 2559 2560
f 2557 2560 2561
f 2562 2563 2564
f 2565 2566 2567
f 2568 2569 2570
f 2571 2572 2573
f 2571 2573 2574
f 2575 2576 2577
f 2578 2579 2580
f 2578 2580 2581
f 2582 2583 2584
f 2585 2586 2587
f 2585 2587 2588
f 2589 2590 2591
f 2589 2591 2592
f 2593 2594 2595
f 2593 2595 2596
f 2597 2598 2599
f 2600 2601 2602
f 2600 2602 2603
f 2604 2605 2606
f 2607 2608 2609
f 2607 2609 2610
f 2607 2610 2611
f 2607 2611 2612
f 2613 2614 2615
f 2616 2617 2618
f 2616 2618 2619
f 2620 2621 2622
f 2620 2622 2623
f 2624 2625 2626
f 2624 2626 2627
f 2628 2629 2630
f 2631 2632 2633
f 2634 2635 2636
f 2634 2636 2637
f 2634 2637 2638
f 2639 2640 2641
f 2642 2643 2644
f 2645 2646 2647
f 2648 2649 2650
f 2648 2650 2651
f 2648 2651 2652
f 2653 2654 2655
f 2656 2657 2658
f 2659 2660 2661
f 2659 2661 2662
f 2663 2664 2665
f 2666 2667 2668
f 2666 2668 2669
f 2670 2671 2672
f 2673 2674 2675
f 2676 2677 2678
f 2676 2678 2679
f 2680 2681 2682
f 2683 2684 2685
f 2683 2685 2686
f 2683 2686 2687
f 2683 2687 2688
f 2689 2690 2691
f 2689 2691 2692
f 2689 2692 2693
f 2694 2695 2696
f 2694 2696 2697
f 2694 2697 2698
f 2699 2700 2701
f 2699 2701 2702
f 2703 2704 2705
f 2706 2707 2708
f 2706 2708 2709
f 2710 2711 2712
f 2710 2712 2713
f 2714 2715 2716
f 2714 2716 2717
f 2718 2719 2720
f 2721 2722 2723
f 2721 2723 2724
f 2721 2724 2725
f 2726 2727 2728
f 2726 2728 2729
f 2730 2731 2732
f 2730 2732 2733
f 2734 2735 2736
f 2734 2736 2737
f 2738 2739 2740
f 2738 2740 2741
f 2742 2743 2744
f 2745 2746 2747
f 2745 2747 2748
f 2749 2750 2751
f 2752 2753 2754
f 2752 2754 2755
f 2756 2757 2758
f 2759 2760 2761
f 2762 2763 2764
f 2765 2766 2767
f 2765 2767 2768
f 2769 2770 2771
f 2772 2773 2774
f 2772 2774 2775
f 2776 2777 2778
f 2776 2778 2779
f 2780 2781 2782
f 2783 2784 2785
f 2786 2787 2788
f 2789 2790 2791
f 2789 2791 2792
f 2793 2794 2795
f 2796 2797 2798
f 2799 2800 2801
f 2799 2801 2802
f 2803 2804 2805
f 2806 2807 2808
f 2809 2810 2811
f 2809 2811 2812
f 2813 2814 2815
f 2813 2815 2816
f 2817 2818 2819
f 2820 2821 2822
f 2823 2824 2825
f 2826 2827 2828
f 2826 2828 2829
f 2830 2831 2832
f 2833 2834 2835
f 2836 2837 2838
f 2836 2838 2839
f 2840 2841 2842
f 2843 2844 2845
f 2846 2847 2848
f 2846 2848 2849
f 2846 2849 2850
f 2851 2852 2853
f 2854 2855 2856
f 2857 2858 2859
f 2860 2861 2862
f 2863 2864 2865
f 2863 2865 2866
f 2867 2868 2869
f 2867 2869 2870
f 2871 2872 2873
f 2871 2873 2874
f 2875 2876 2877
f 2875 2877 2878
f 2879 2880 2881
f 2882 2883 2884
f 2882 2884 2885
f 2886 2887 2888
f 2886 2888 2889
f 2890 2891 2892
f 2893 2894 2895
f 2893 2895 2896
f 2897 2898 2899
f 2897 2899 2900
f 2901 2902 2903
f 2904 2905 2906
f 2907 2908 2909
f 2910 2911 2912
f 2913 2914 2915
f 2916 2917 2918
f 2919 2920 2921
f 2919 2921 2922
f 2923 2924 2925
f 2926 2927 2928
f 2926 2928 2929
f 2926 2929 2930
f 2926 2930 2931
f 2932 2933 2934
f 2935 2936 2937
f 2938 2939 2940
f 2938 2940 2941
f 2942 2943 2944
f 2945 2946 2947
f 2945 2947 2948
f 2949 2950 2951
f 2949 2951 2952
f 2953 2954 2955
f 2956 2957 2958
f 2959 2960 2961
f 2959 2961 2962
f 2963 2964 2965
f 2963 2965 2966
f 2967 2968 2969
f 2967 2969 2970
f 2971 2972 2973
f 2971 2973 2974
f 2975 2976 2977
f 2975 2977 2978
f 2975 2978 2979
f 2980 2981 2982
f 2983 2984 2985
f 2983 2985 2986
f 2987 2988 2989
f 2990 2991 2992
f 2990 2992 2993
f 2994 2995 2996
f 2994 2996 2997
f 2998 2999 3000
f 2998 3000 3001
f 3002 3003 3004
f 3005 3006 3007
f 3005 3007 3008
f 3009 3010 3011
f 3012 3013 3014
f 3012 3014 3015
f 3016 3017 3018
f 3019 3020 3021
f 3022 3023 3024
f 3022 3024 3025
f 3026 3027 3028
f 3026 3028 3029
f 3030 3031 3032
f 3030 3032 3033
f 3034 3035 3036
f 3037 3038 3039
f 3037 3039 3040
f 3041 3042 3043
f 3044 3045 3046
f 3044 3046 3047
f 3048 3049 3050
f 3051 3052 3053
f 3054 3055 3056
f 3054 3056 3057
f 3054 3057 3058
f 3059 3060 3061
f 3062 3063 3064
f 3065 3066 3067
f 3065 3067 3068
f 3065 3068 3069
f 3070 3071 3072
f 3073 3074 3075
f 3076 3077 3078
f 3076 3078 3079
f 3076 3079 3080
f 3081 3082 3083
f 3081 3083 3084
f 3081 3084 3085
f 3086 3087 3088
f 3086 3088 3089
f 3090 3091 3092
f 3090 3092 3093
f 3090 3093 3094
f 3090 3094 3095
f 3096 3097 3098
f 3099 3100 3101
f 3099 3101 3102
f 3103 3104 3105
f 3106 3107 3108
f 3109 3110 3111
f 3112 3113 3114
f 3115 3116 3117
f 3115 3117 3118
f 3119 3120 3121
f 3122 3123 3124
f 3125 3126 3127
f 3128 3129 3130
f 3131 3132 3133
f 3134 3135 3136
f 3137 3138 3139
f 3140 3141 3142
f 3143 3144 3145
f 3143 3145 3146
f 3143 3146 3147
f 3143 3147 3148
f 3149 3150 3151
f 3149 3151 3152
f 3153 3154 3155
f 3153 3155 3156
f 3157 3158 3159
f 3160 3161 3162
f 3160 3162 3163
f 3164 3165 3166
f 3167 3168 3169
f 3167 3169 3170
f 3171 3172 3173
f 3174 3175 3176
f 3174 3176 3177
f 3174 3177 3178
f 3179 3180 3181
f 3182 3183 3184
f 3182 3184 3185
f 3186 3187 3188
f 3189 3190 3191
f 3189 3191 3192
f 3193 3194 3195
f 3193 3195 3196
f 3197 3198 3199
f 3200 3201 3202
f 3200 3202 3203
f 3200 3203 3204
f 3205 3206 3207
f 3205 3207 3208
f 3209 3210 3211
f 3209 3211 3212
f 3213 3214 3215
f 3213 3215 3216
f 3217 3218 3219
f 3217 3219 3220
f 3221 3222 3223
f 3221 3223 3224
f 3225 3226 3227
f 3228 3229 3230
f 3228 3230 3231
f 3232 3233 3234
f 3232 3234 3235
f 3236 3237 3238
f 3236 3238 3239
f 3236 3239 3240
f 3241 3242 3243
f 3241 3243 3244
f 3241 3244 3245
f 3246 3247 3248
f 3249 3250 3251
f 3249 3251 3252
f 3253 3254 3255
f 3256 3257 3258
f 3256 3258 3259
f 3260 3261 3262
f 3263 3264 3265
f 3266 3267 3268
f 3266 3268 3269
f 3266 3269 3270
f 3266 3270 3271
f 3272 3273 3274
f 3272 3274 3275
f 3272 3275 3276
f 3277 3278 3279
f 3277 3279 3280
f 3277 3280 3281
f 3277 3281 3282
f 3283 3284 3285
f 3286 3287 3288
f 3286 3288 3289
f 3286 3289 3290
f 3291 3292 3293
f 3291 3293 3294
f 3291 3294 3295
f 3291 3295 3296
f 3297 3298 3299
f 3297 3299 3300
f 3301 3302 3303
f 3304 3305 3306
f 3307 3308 3309
f 3307 3309 3310
f 3311 3312 3313
f 3311 3313 3314
f 3315 3316 3317
f 3318 3319 3320
f 3318 3320 3321
f 3322 3323 3324
f 3322 3324 3325
f 3326 3327 3328
f 3326 3328 3329
f 3330 3331 3332
f 3330 3332 3333
f 3334 3335 3336
f 3337 3338 3339
f 3337 3339 3340
f 3337 3340 3341
f 3342 3343 3344
f 3342 3344 3345
f 3346 3347 3348
f 3346 3348 3349
f 3346 3349 3350
f 3351 3352 3353
f 3354 3355 3356
f 3357 3358 3359
f 3360 3361 3362
f 3363 3364 3365
f 3363 3365 3366
f 3367 3368 3369
f 3367 3369 3370
f 3371 3372 3373
f 3374 3375 3376
f 3374 3376 3377
f 3378 3379 3380
f 3381 3382 3383
f 3381 3383 3384
f 3381 3384 3385
f 3386 3387 3388
f 3389 3390 3391
f 3389 3391 3392
f 3393 3394 3395
f 3396 3397 3398
f 3399 3400 3401
f 3402 3403 3404
f 3402 3404 3405
f 3406 3407 3408
f 3406 3408 3409
f 3410 3411 3412
f 3410 3412 3413
f 3414 3415 3416
f 3417 3418 3419
f 3417 3419 3420
f 3421 3422 3423
f 3424 3425 3426
f 3427 3428 3429
f 3427 3429 3430
f 3431 3432 3433
f 3434 3435 3436
f 3437 3438 3439
f 3437 3439 3440
f 3437 3440 3441
f 3442 3443 3444
f 3445 3446 3447
f 3448 3449 3450
f 3448 3450 3451
f 3452 3453 3454
f 3455 3456 3457
f 3458 3459 3460
f 3458 3460 3461
f 3462 3463 3464
f 3462 3464 3465
f 3466 3467 3468
f 3466 3468 3469
f 3466 3469 3470
f 3471 3472 3473
f 3471 3473 3474
f 3475 3476 3477
f 3478 3479 3480
f 3478 3480 3481
f 3478 3481 3482
f 3478 3482 3483
f 3484 3485 3486
f 3484 3486 3487
f 3488 3489 3490
f 3488 3490 3491
f 3488 3491 3492
f 3488 3492 3493
f 3494 3495 3496
f 3497 3498 3499
f 3497 3499 3500
f 3501 3502 3503
f 3504 3505 3506
f 3507 3508 3509
f 3507 3509 3510
f 3511 3512 3513
f 3514 3515 3516
f 3517 3518 3519
f 3517 3519 3520
f 3517 3520 3521
f 3522 3523 3524
f 3522 3524 3525
f 3526 3527 3528
f 3526 3528 3529
f 3526 3529 3530
f 3531 3532 3533
f 3531 3533 3534
f 3535 3536 3537
f 3535 3537 3538
f 3535 3538 3539
f 3535 3539 3540
f 3541 3542 3543
f 3544 3545 3546
f 3547 3548 3549
f 3550 3551 3552
f 3550 3552 3553
f 3554 3555 3556
f 3554 3556 3557
f 3558 3559 3560
f 3558 3560 3561
f 3562 3563 3564
f 3562 3564 3565
f 3566 3567 3568
f 3569 3570 3571
f 3572 3573 3574
f 3572 3574 3575
f 3576 3577 3578
f 3579 3580 3581
f 3579 3581 3582
f 3583 3584 3585
f 3586 3587 3588
f 3589 3590 3591
f 3589 3591 3592
f 3593 3594 3595
f 3596 3597 3598
f 3599 3600 3601
f 3599 3601 3602
f 3603 3604 3605
f 3603 3605 3606
f 3607 3608 3609
f 3610 3611 3612
f 3610 3612 3613
f 3614 3615 3616
f 3614 3616 3617
f 3618 3619 3620
f 3621 3622 3623
f 3624 3625 3626
f 3624 3626 3627
f 3628 3629 3630
f 3631 3632 3633
f 3634 3635 3636
f 3634 3636 3637
f 3634 3637 3638
f 3639 3640 3641
f 3639 3641 3642
f 3643 3644 3645
f 3643 3645 3646
f 3647 3648 3649
f 3650 3651 3652
f 3653 3654 3655
f 3653 3655 3656
f 3653 3656 3657
f 3658 3659 3660
f 3661 3662 3663
f 3661 3663 3664
f 3665 3666 3667
f 3665 3667 3668
f 3669 3670 3671
f 3672 3673 3674
f 3675 3676 3677
f 3675 3677 3678
f 3675 3678 3679
f 3680 3681 3682
f 3683 3684 3685
f 3686 3687 3688
f 3689 3690 3691
f 3689 3691 3692
f 3693 3694 3695
f 3693 3695 3696
f 3697 3698 3699
f 3697 3699 3700
f 3701 3702 3703
f 3704 3705 3706
f 3707 3708 3709
f 3707 3709 3710
f 3711 3712 3713
f 3714 3715 3716
f 3714 3716 3717
f 3718 3719 3720
f 3718 3720 3721
f 3718 3721 3722
f 3723 3724 3725
f 3723 3725 3726
f 3723 3726 3727
f 3728 3729 3730
f 3728 3730 3731
f 3732 3733 3734
f 3735 3736 3737
f 3738 3739 3740
f 3741 3742 3743
f 3744 3745 3746
f 3747 3748 3749
f 3750 3751 3752
f 3753 3754 3755
f 3753 3755 3756
f 3757 3758 3759
f 3757 3759 3760
f 3761 3762 3763
f 3761 3763 3764
f 3761 3764 3765
f 3766 3767 3768
f 3769 3770 3771
f 3772 3773 3774
f 3775 3776 3777
f 3778 3779 3780
f 3781 3782 3783
f 3784 3785 3786
f 3784 3786 3787
f 3788 3789 3790
f 3788 3790 3791
f 3788 3791 3792
f 3793 3794 3795
f 3793 3795 3796
f 3797 3798 3799
f 3797 3799 3800
f 3801 3802 3803
f 3801 3803 3804
f 3805 3806 3807
f 3805 3807 3808
f 3809 3810 3811
f 3812 3813 3814
f 3812 3814 3815
f 3816 3817 3818
f 3816 3818 3819
f 3820 3821 3822
f 3820 3822 3823
f 3824 3825 3826
f 3824 3826 3827
f 3828 3829 3830
f 3831 3832 3833
f 3831 3833 3834
f 3835 3836 3837
f 3835 3837 3838
f 3835 3838 3839
f 3840 3841 3842
f 3843 3844 3845
f 3843 3845 3846
f 3847 3848 3849
f 3847 3849 3850
f 3851 3852 3853
f 3854 3855 3856
f 3857 3858 3859
f 3860 3861 3862
f 3860 3862 3863
f 3860 3863 3864
f 3865 3866 3867
f 3868 3869 3870
f 3871 3872 3873
f 3871 3873 3874
f 3875 3876 3877
f 3875 3877 3878
f 3879 3880 3881
f 3879 3881 3882
f 3879 3882 3883
f 3884 3885 3886
f 3887 3888 3889
f 3890 3891 3892
f 3890 3892 3893
f 3894 3895 3896
f 3894 3896 3897
f 3898 3899 3900
f 3898 3900 3901
f 3902 3903 3904
f 3905 3906 3907
f 3905 3907 3908
